"","gre.pred1a$V1"
"1",-0.000532455740121926
"2",0.00209593206978478
"3",0.000413854175093204
"4",0.00188785172167333
"5",0.00313463732551049
"6",0.000985481691838609
"7",0.00432009250288793
"8",0.00233770796731621
"9",0.00166244767909084
"10",0.000508032119513718
"11",0.00152433786786682
"12",-0.000229314643816119
"13",0.00019057451021993
"14",0.000393557988177751
"15",0.0021446531723499
"16",0.00180893915969856
"17",-0.00088253231662579
"18",0.000116747528758477
"19",0.000504987477600875
"20",0.000497357413788537
"21",-0.000427036220765526
"22",0.000216676104063066
"23",0.000218088697434143
"24",6.16264777185894e-05
"25",0.00141240495904528
"26",-0.00104972851018941
"27",0.000571049280358396
"28",-0.00119496944130155
"29",0.000193596083733945
"30",-0.000610597556211506
"31",7.22459097936967e-05
"32",-0.000954881549169303
"33",-3.14245088981643e-05
"34",0.000241116223522737
"35",0.00103263142484031
"36",0.00139245382263877
"37",0.00104135990567448
"38",0.000401045779161168
"39",0.00142725173076833
"40",0.000725153281360401
"41",0.000980327367491254
"42",0.000557515963525274
"43",0.00127208624958409
"44",-0.000309702131271968
"45",-0.000107516189432096
"46",0.000580909813259435
"47",-5.45890789448739e-05
"48",0.000378833682729801
"49",-4.09682434522376e-05
"50",0.000329672446978895
"51",-0.000114140046952455
"52",0.00104584845667348
"53",0.000465469869079636
"54",-0.000574612341442705
"55",-0.000125189997746631
"56",0.00113044002304223
"57",0.000528934680896141
"58",0.00108602766913061
"59",0.00105871753391221
"60",0.00138141699214982
"61",0.000962294007636096
"62",0.00129350219641514
"63",0.00249949184430629
"64",0.00113948774924788
"65",0.000981350136309239
"66",0.00276716648649646
"67",-0.00290983609998834
"68",0.00183968901132972
"69",-0.00240890663080425
"70",-0.000599632191749679
"71",0.000355333924072929
"72",0.000944186327430318
"73",0.000395159948224198
"74",0.000892269674702683
"75",-0.000170005423713652
"76",0.000446190230083076
"77",0.000915553399340729
"78",0.000135462218428433
"79",0.00128724336545404
"80",0.00113934639827359
"81",0.000524217748106975
"82",0.000118664101289196
"83",-0.000604442692589054
"84",0.000841349176754246
"85",-0.000789605153219124
"86",0.00113194991555366
"87",0.000810756569258338
"88",0.00198358602784956
"89",0.00139802830437204
"90",-0.00165430825977333
"91",0.00135788459792332
"92",0.000704844776029861
"93",0.00111664063278989
"94",0.00124097994253104
"95",0.00102412844131167
"96",2.24270586576727e-06
"97",0.00137334429090991
"98",0.00261769200372767
"99",-0.00048958290116559
"100",0.000317412708450401
"101",0.000286946825228644
"102",0.000779297056212304
"103",0.000302231758820063
"104",0.00146330940637346
"105",0.000445807009106731
"106",-0.000561071505289647
"107",0.00062322854006856
"108",0.00311600071459789
"109",0.000761199887440806
"110",-0.000926262529468532
"111",-0.00039941789651772
"112",-0.000112704579153119
"113",0.000297547277917271
"114",0.000819415680891485
"115",-0.000311046032112519
"116",9.93636551974184e-05
"117",0.000830702005790376
"118",-0.000261060458917296
"119",-0.000248967480881151
"120",0.000313663358196436
"121",-0.000207731836500049
"122",0.00059803421860254
"123",0.000222749193354437
"124",0.000315727889657725
"125",0.00161166132915582
"126",0.00137834308461943
"127",0.0012349772096397
"128",0.000540716175151387
"129",0.00220713871761954
"130",-0.00194347553957413
"131",0.00148843519515324
"132",-0.000615168869214656
"133",-0.000125634713785158
"134",0.000798528610065909
"135",0.000597554970162341
"136",0.00122365586052789
"137",0.00139578760504058
"138",0.000158499245619577
"139",-0.000358607745939442
"140",0.000683609290799903
"141",0.000124888273959858
"142",-0.000446832273204835
"143",-2.08759675791346e-05
"144",0.000620384817588211
"145",0.000358602638313444
"146",0.000778312663199769
"147",0.00012262735078885
"148",-0.000225360785281958
"149",0.00101574270466594
"150",0.000230115337265318
"151",0.000346511617641815
"152",0.000495838320075883
"153",7.68462460421606e-05
"154",0.000358338279968366
"155",0.00079697060329399
"156",0.000421941457546557
"157",-0.000214295567569507
"158",0.000582312614301784
"159",-0.000116923572261636
"160",0.000224925286557066
"161",0.00108498538857832
"162",-0.000201448433861286
"163",-8.28518080270677e-05
"164",0.000828274693771967
"165",-2.28196512865318e-05
"166",0.000789615169097999
"167",-0.000733427322693886
"168",0.000927960677404554
"169",0.000618613713302451
"170",-0.000507118613525934
"171",0.0013507495248154
"172",0.000589285565752319
"173",0.0015106945785987
"174",-0.000773822075908394
"175",5.08738461965734e-05
"176",-0.000157562883820308
"177",0.00022953460987835
"178",0.00154633730793772
"179",-0.000141376856674732
"180",-7.81284324023943e-05
"181",0.000167470194172982
"182",-0.000268846213767931
"183",0.000877186345986232
"184",0.000894448160477077
"185",0.000547294624769123
"186",0.000134502716270793
"187",0.000620828413611183
"188",0.000819324797364669
"189",0.000627310568266628
"190",0.000839208809555345
"191",-0.00059947650478591
"192",0.000275678781549552
"193",2.59605936332404e-06
"194",-0.000596911464410784
"195",0.00111590308983868
"196",-0.000576872954064713
"197",-0.00129146669828491
"198",0.000884433808134792
"199",0.00122232482394202
"200",0.000931425165756483
"201",0.000962088430346807
"202",0.000691005609377845
"203",0.000703805855258316
"204",8.76569152617765e-05
"205",-1.11095877185456e-05
"206",0.000257913169660832
"207",0.000790639350648818
"208",0.000256337452931417
"209",0.000911054614784213
"210",0.00254080904604298
"211",0.000842599295141372
"212",0.00109552747110725
"213",-0.00076478038042194
"214",-0.00115957040946705
"215",-0.00238938274566227
"216",-0.00135099799890865
"217",-0.00189440966532695
"218",0.000822749618199773
"219",0.00170385783671798
"220",0.000761192476845115
"221",0.00221633905265622
"222",0.00171761214660257
"223",0.00154678840106479
"224",0.00201415866196851
"225",-4.35473187603685e-05
"226",0.000387285090664073
"227",0.00029269036341374
"228",-8.06363170779065e-05
"229",-0.00077545349389955
"230",0.000931585783959182
"231",7.88103439233549e-05
"232",0.000642631427288654
"233",0.000996744711101027
"234",0.000677050192848991
"235",0.00243145196263182
"236",0.000868908745536485
"237",0.000631547767915993
"238",0.000503276107808125
"239",0.00123857162783661
"240",0.00105448243293844
"241",0.000300360818817427
"242",-0.000153096500081997
"243",-0.000706780789572843
"244",0.000235772406589574
"245",-0.000186344545842764
"246",0.00038559708288178
"247",7.47848391747282e-05
"248",-0.000156276818589515
"249",0.00041428362495188
"250",0.000981228129882156
"251",0.000196218864834033
"252",0.000457062648484965
"253",0.000608349743144668
"254",0.00104865606638407
"255",0.000178799466735136
"256",0.000709963702044636
"257",0.00118434568316841
"258",0.00136099609286837
"259",0.00200666810360221
"260",0.00155495118354907
"261",-0.0008207386670821
"262",0.000606452864153091
"263",0.00123994894969432
"264",7.64184118731177e-05
"265",-0.000280311357194772
"266",9.83833459157791e-05
"267",0.000256504504581762
"268",0.00053635357169543
"269",-0.000113147529236464
"270",0.00043890356811473
"271",0.00104112088248567
"272",0.000619103387080427
"273",0.00179394745541217
"274",0.000206189480641478
"275",0.00034137166859212
"276",0.00100229253774658
"277",0.000564304646457261
"278",0.000567666607601895
"279",0.000933745668101302
"280",0.000409909998115665
"281",-3.2637081971951e-05
"282",0.00060764172259048
"283",0.000322722333516571
"284",0.000991390714692045
"285",0.000288799010874248
"286",0.000312151720082237
"287",0.000232451884915156
"288",-0.00036986922024774
"289",0.00165860966233752
"290",0.000870667682601568
"291",0.000357933278544032
"292",-0.000255235000280074
"293",-0.000756752161648821
"294",0.00265053596851115
"295",0.00107027858103073
"296",0.000832346884768542
"297",0.00172079009078797
"298",0.00186306693900683
"299",-2.51229952054153e-05
"300",0.000725165927265239
"301",0.00135964688077416
"302",0.00033417801218336
"303",0.000339174476953129
"304",0.00150877912949172
"305",0.00235471546782662
"306",-0.000471578281227254
"307",0.000173379220460673
"308",-0.000800939734089259
"309",0.000604040722003484
"310",-0.000509587364793706
"311",0.000618444371435169
"312",0.000255957796222141
"313",0.00109642835679568
"314",0.000489519690202856
"315",0.000349676644070488
"316",0.00139158997879018
"317",-0.000257340236790828
"318",5.64413083308831e-05
"319",0.00106072336073403
"320",0.000377329967416842
"321",0.000988736509705992
"322",0.000539163865761442
"323",-0.000664888225263655
"324",0.00135953112875779
"325",0.000857869615681561
"326",0.000444860856095947
"327",0.000537150849852372
"328",0.00126759308811522
"329",0.000712874111486995
"330",-0.00061563092630814
"331",0.000803643983731084
"332",-0.000264637077765131
"333",0.000303340185399012
"334",-0.00132555978547196
"335",0.000141886999382536
"336",0.000702658368054382
"337",0.000540051013143103
"338",-0.000925885435656515
"339",0.00112090783038451
"340",0.000951767821448378
"341",-0.000716310844960722
"342",-0.000493151724431221
"343",0.00044688367742013
"344",0.000760273787858241
"345",0.000168234985258856
"346",0.000607857560047456
"347",0.000556855963852901
"348",0.00104370062171696
"349",-0.000214523290843257
"350",0.000250401009462744
"351",0.00119236799144941
"352",0.000559050790129888
"353",0.000743915129537587
"354",-0.000668401492152281
"355",0.000775909714457279
"356",0.000671774309709141
"357",-0.000450074212400432
"358",0.00246137007722956
"359",0.00059034879176496
"360",0.00159520756953735
"361",-0.000366882568285325
"362",0.000475952512152768
"363",-0.00135344906968694
"364",-0.000732950234597073
"365",0.00130290161991947
"366",0.000604391836222429
"367",0.000114007174108314
"368",-0.000460635389072712
"369",7.31436726414383e-05
"370",0.00121817099239812
"371",-0.000515065734475962
"372",0.0011106710370893
"373",0.00105602240572732
"374",0.000375861791131141
"375",0.00096892231872139
"376",6.05926114897175e-05
"377",-8.69745917578064e-05
"378",0.000302962978458302
"379",4.4123218087696e-05
"380",-0.000546773247659193
"381",3.22169039892766e-05
"382",-0.000254119987077812
"383",-0.000174342857157471
"384",0.000498907867735695
"385",0.000575093723390539
"386",0.00129145955905043
"387",0.0011176299783097
"388",0.00115532921973616
"389",0.00116218586261314
"390",0.00131038291668588
"391",-7.03256390636759e-05
"392",0.000756566371946287
"393",0.000307097385379631
"394",0.000770356391523014
"395",0.000878467461063135
"396",0.000162109625273915
"397",-0.000580695633677589
"398",0.00109402643002649
"399",0.000275078291232112
"400",-0.0017254680734687
"401",-0.00131153989408918
"402",-0.00197455496291728
"403",0.00103273901338895
"404",-0.00212748438329348
"405",0.00224442043074746
"406",-0.00189020906260687
"407",0.00273826173795334
"408",-0.000585357289051215
"409",-7.6140734013845e-05
"410",2.74175368404793e-05
"411",0.00173366187488938
"412",-0.000962523963452189
"413",0.000898757410048794
"414",0.00124676415918797
"415",-0.00080185234360261
"416",0.000570959847635786
"417",0.000718731610254452
"418",0.00176403475646203
"419",0.00107496314058626
"420",-0.000251881394190582
"421",0.00147591968794379
"422",0.000289927307920825
"423",0.000675160774780942
"424",0.000517970741156381
"425",0.000789232748845056
"426",7.46850310711783e-05
"427",0.00048008272022915
"428",0.00103125543948251
"429",-0.00112568926866359
"430",0.00127145317161102
"431",0.00090929138520515
"432",0.000443083860205188
"433",7.79848645550264e-05
"434",0.00117194969385601
"435",0.000202154305887872
"436",0.00090151120905539
"437",-0.00199254534238811
"438",-0.000187523109991706
"439",-0.000764798136017366
"440",6.35292187464737e-05
"441",-0.000294567265425462
"442",-0.00182798793193719
"443",7.81108120792376e-05
"444",0.00101570760042198
"445",-7.77008087581069e-05
"446",0.00302931321446763
"447",0.000532836185121329
"448",0.000704487855148445
"449",-0.000556850556706688
"450",0.00160454594372751
"451",0.00072379134949359
"452",0.00135121501570245
"453",0.000235359875153723
"454",0.0027658397884039
"455",0.000403528274110473
"456",0.000280250359347546
"457",0.000784591883467782
"458",-0.00018101048609761
"459",0.000832857171114371
"460",0.00113308692331506
"461",-0.000720728256722036
"462",3.19821513193766e-05
"463",0.000555153814047099
"464",0.00143328887026027
"465",0.000611254785171715
"466",-0.00103446404203885
"467",-0.000678418825183072
"468",0.000784075606641409
"469",-8.14483996450417e-05
"470",0.00164231543364016
"471",0.0004868242254673
"472",-0.00108487115179708
"473",-0.000978330006450993
"474",0.000252269126498015
"475",0.000111705558716008
"476",0.000492104503675452
"477",-0.000103909684014882
"478",-0.000391271298098342
"479",0.00117149255048947
"480",0.000377096380682202
"481",0.000259515771768584
"482",0.000173749686978909
"483",-0.000650944257632795
"484",0.000957491161561423
"485",-0.000436306219594717
"486",0.00173546851464468
"487",0.00136030289840996
"488",0.000986237115516052
"489",0.000660758040883509
"490",0.00099020074801383
"491",0.000673893416383235
"492",-7.83616883883998e-05
"493",0.000609865822413553
"494",-0.000193121111294511
"495",0.000558310987199248
"496",0.000186159082959972
"497",0.000833041866708707
"498",0.000536329011187658
"499",-0.000334780795079661
"500",0.000226716667096745
"501",0.000739199176042232
"502",-9.59963776965083e-05
"503",0.000282465232946509
"504",0.000208253143193597
"505",-0.00103751786375776
"506",0.0012408996141911
"507",1.1838860766334e-05
"508",-5.15041550298859e-06
"509",-0.00102318811592491
"510",0.000416510735209914
"511",0.000505393652564005
"512",0.00068434524080562
"513",0.000224798481083456
"514",0.000906508014614332
"515",4.87672260600469e-05
"516",0.000296310430400586
"517",0.000690842231273902
"518",0.000181174295728778
"519",-0.00066625337174471
"520",0.000614525362066993
"521",0.00057270802848861
"522",0.000473047594487619
"523",0.00048593027445058
"524",0.00133275075214703
"525",0.000550533214866852
"526",0.000798953771717093
"527",0.000109029760374126
"528",0.000411154996355598
"529",0.000618892320280509
"530",0.000889639330600714
"531",0.000829369228578352
"532",0.000556558260828553
"533",-0.000586098347178936
"534",0.000838570724063457
"535",-0.000142626120606612
"536",-9.89240002249956e-05
"537",0.000733564663716229
"538",7.38547917579657e-05
"539",0.000170061884014985
"540",0.000241445131558942
"541",0.00067961913930623
"542",0.000539913515387357
"543",0.000882268957177521
"544",0.000878780165241647
"545",0.00104660924557497
"546",0.000319930751880672
"547",0.000284121996627226
"548",-0.000293641868738628
"549",0.000336458995434026
"550",0.000656722685347359
"551",-0.000220522178855495
"552",0.000586648910449465
"553",-0.000580574138038664
"554",-0.000396025385416463
"555",-0.000903456525428302
"556",-2.21318650522718e-05
"557",0.000852196756045387
"558",0.00136341773038336
"559",0.000493762716570044
"560",0.00126247821231224
"561",0.000631775887487684
"562",0.000597685043972365
"563",0.000440358715031193
"564",0.000212957499097674
"565",0.000828186050547521
"566",3.9458650654174e-05
"567",-0.000196202423044575
"568",0.000153933897294832
"569",0.000574541573238113
"570",-0.000149996292785084
"571",0.000595132532518887
"572",-0.000259618943527676
"573",0.000839959725795334
"574",0.00164931471322359
"575",-0.000242648831970894
"576",0.00076752088681349
"577",0.000894736987239735
"578",0.000600030172535317
"579",-6.30105721809737e-05
"580",0.00105686037294424
"581",0.000794941636780099
"582",0.00013624564612792
"583",0.000643417026444577
"584",5.64472048024628e-07
"585",0.000486671212349639
"586",-5.19400530308577e-05
"587",0.000839696658287595
"588",0.000491655973022032
"589",0.00062875802880718
"590",0.000326724921965236
"591",0.000798215559320666
"592",0.000512921374270096
"593",0.000786660861094321
"594",0.000831299323756459
"595",0.000103095749926427
"596",0.000473904247987138
"597",0.000458054879142801
"598",0.000823350208712913
"599",-0.000655392568389575
"600",0.000341525201628628
"601",0.00081772763142858
"602",0.000383744990116321
"603",2.46543933902362e-05
"604",0.000284833194894758
"605",0.000626576882029242
"606",2.97930379055536e-05
"607",0.000835515718923772
"608",-4.77720079615175e-05
"609",0.000976670029618892
"610",0.000377731487265605
"611",0.00162732257172385
"612",0.000351736810399824
"613",0.000725421104952004
"614",-0.00112110624415779
"615",8.09407226043286e-05
"616",6.87629305508343e-05
"617",0.00118254277549493
"618",-0.00102988300372393
"619",0.00115667583082985
"620",0.00011538806233988
"621",0.0011378855457207
"622",7.02089376366184e-05
"623",0.000744474047811381
"624",0.000242383142487565
"625",0.000951578846127356
"626",0.000213610932903795
"627",0.000740536582713187
"628",0.000296321102739327
"629",-0.000206547964543869
"630",0.000499100645654536
"631",-0.000153846457168952
"632",0.000673434124970709
"633",-0.000756689032190485
"634",-0.000674940506455151
"635",-0.000733984450424604
"636",-0.000178363460482376
"637",0.000412828635271582
"638",0.000708496534701756
"639",0.000596528680461723
"640",-0.000495062411534482
"641",0.00105204203263076
"642",0.000391521804460042
"643",5.12328937816786e-05
"644",0.000253434663575705
"645",0.000722987991799453
"646",0.000853509996830971
"647",0.000755680997968545
"648",-1.0265241230109e-05
"649",-5.96513082484203e-05
"650",0.000373664125332277
"651",0.00111657194249947
"652",0.00106301354649263
"653",-0.000412870564074738
"654",0.000336583679733765
"655",-9.87296427044991e-05
"656",0.000552669632897381
"657",0.000169859798844447
"658",4.22976255093258e-06
"659",-0.000451431990751637
"660",-3.59301841365456e-05
"661",-8.74604964753222e-05
"662",0.000363714362384053
"663",-6.29246448619871e-05
"664",-7.82960402071788e-06
"665",7.48015952213009e-05
"666",0.000488912319724762
"667",0.0013337987204145
"668",0.000852038136219636
"669",0.00118382848388043
"670",-0.000326761884774791
"671",0.00089166123413551
"672",0.000708392895081888
"673",-0.000707997328050612
"674",-0.000295778628811684
"675",-0.000250361208483449
"676",-0.000114222903443227
"677",-0.000742044647153081
"678",-0.000246435359206106
"679",-0.000159509760389957
"680",0.00107548072880956
"681",0.000263835857511782
"682",0.000655042632866049
"683",0.000238305883213329
"684",0.00117179949920384
"685",0.00129845516021411
"686",0.000507941628069025
"687",0.000338235237788452
"688",0.000289551004781628
"689",0.000836589809082815
"690",0.000533084620971522
"691",0.000665149964497735
"692",0.000248033704002756
"693",0.000324451955968487
"694",0.000515900726085257
"695",0.000184287219236583
"696",8.65646074407922e-05
"697",7.87285532938235e-05
"698",-6.68610385211208e-05
"699",0.000190588567362242
"700",-0.000138612619792451
"701",0.000162703576827085
"702",0.000560248408436154
"703",2.0633371901919e-05
"704",-0.000169725243287608
"705",-0.000107751326832164
"706",0.000483835211827385
"707",0.00179913938834609
"708",0.000248116097922682
"709",0.000736737097456065
"710",0.000405487942449878
"711",0.00120200740726779
"712",-0.000201010372617903
"713",-0.000168802355884666
"714",-0.000204053424928002
"715",0.000768509397067717
"716",0.000343512811888294
"717",0.000451564087631782
"718",0.000336985286817324
"719",0.000389709612806508
"720",0.00162053611083923
"721",0.000386866883358728
"722",0.00035213508880718
"723",-0.00012688844752048
"724",0.000643220628857842
"725",0.000874469241903743
"726",-0.000407556502384043
"727",-8.45162704621486e-05
"728",-0.000119832579315306
"729",0.000728630481648388
"730",0.000403565379014607
"731",-0.000162575760124124
"732",0.000708574692113743
"733",0.000116104595400632
"734",-0.00102562558306651
"735",3.40914269509615e-05
"736",-0.000295995029366933
"737",0.000407401149890798
"738",0.00011459726029794
"739",-0.000481198283102985
"740",-0.000476318860814581
"741",-0.000687581295050043
"742",0.000404932272879267
"743",0.000454001401262472
"744",0.00128022038487799
"745",0.00121902155925687
"746",0.00075496167391673
"747",0.000705489890724253
"748",0.000135588663184845
"749",0.000575558951653416
"750",-0.000167583332473458
"751",0.000121813362670399
"752",0.000286241258144641
"753",4.13889083867521e-05
"754",0.000726541615503321
"755",0.00132517961336283
"756",-0.000147649687913141
"757",-0.00128955424824355
"758",0.000442462320699323
"759",-0.000790785107846293
"760",0.000926669810618431
"761",0.00125958388681631
"762",0.000247221591726063
"763",-5.69666789853533e-05
"764",0.000325467779975098
"765",0.000145974236493516
"766",-7.17787627118751e-05
"767",0.000597166378932745
"768",9.08463881684469e-05
"769",-0.000449542235258802
"770",0.000189868144807578
"771",0.000171852519273477
"772",0.0001753481404793
"773",0.000693233600825435
"774",0.00098368188403457
"775",0.000434673952656223
"776",0.00118523280360941
"777",0.000402821993756121
"778",0.000130657580371224
"779",0.000766536809520695
"780",0.000798807379152289
"781",-6.40776735228414e-05
"782",0.000127922858219682
"783",-0.00016718510241856
"784",0.000253393644238271
"785",0.000445762073398104
"786",0.000991614766087597
"787",0.00038235576402689
"788",0.000249030184202526
"789",0.00037438584913968
"790",0.00072205017537727
"791",0.000259598412501564
"792",-8.82573240931874e-05
"793",0.0020567836857924
"794",-0.000211306897707391
"795",-8.3226705588956e-05
"796",0.000527956964529416
"797",0.000450954822267847
"798",0.000235445740237923
"799",-5.19812482944055e-05
"800",2.89735845011626e-05
"801",0.0004292017474753
"802",-0.000407609704504648
"803",-5.2108831687964e-05
"804",0.000384016607275835
"805",0.000205119863565857
"806",1.43622944489271e-05
"807",0.000963949517123698
"808",0.00100656434934589
"809",8.50316201675915e-05
"810",-3.60884423272154e-05
"811",0.000951827466872572
"812",0.000335152923967859
"813",0.000459759619048602
"814",-0.000586425237681422
"815",0.000164561744108866
"816",-0.000702648198424611
"817",0.00052294580972497
"818",0.000746929801206343
"819",2.01287631867963e-05
"820",0.00128031736333856
"821",0.00112564255803212
"822",0.000860108996058088
"823",7.66176724880779e-05
"824",-0.000861042466366002
"825",4.70795621181812e-07
"826",-0.000207438362256356
"827",0.00203576408860056
"828",0.000107329263721858
"829",2.25626415223173e-06
"830",0.000512593980449723
"831",0.000449692838302523
"832",0.000163714830086931
"833",-8.83646589430984e-05
"834",0.0006022875770138
"835",0.000502126749085123
"836",0.000698962437610689
"837",5.83191684339317e-05
"838",0.0010824173757102
"839",0.00132142491500591
"840",-0.000810429287130404
"841",0.000562622640707021
"842",0.000460438744412896
"843",0.000429097913982098
"844",0.000925784651858169
"845",-0.00151578878925148
"846",0.000291229099475298
"847",0.00076590012612927
"848",0.000326831828729172
"849",0.000333574238745936
"850",0.000858876679676296
"851",0.000739822076245161
"852",0.000314112457888274
"853",0.000685749293960554
"854",0.000455455834709401
"855",0.000435031712170443
"856",0.000335987727655892
"857",-0.000226201296642082
"858",0.00111456177098017
"859",-0.000237289037689756
"860",-0.000593556807700578
"861",-0.00157629352638906
"862",0.000174800924864156
"863",0.00193160090071741
"864",0.0013531284260902
"865",-0.000814245565550808
"866",0.00171757409845127
"867",0.00094165528258376
"868",0.00174940656819004
"869",-4.74775473742185e-05
"870",0.00132762779028809
"871",0.000840297690690885
"872",-0.000638511998465475
"873",0.000802697408884245
"874",0.00105139468645962
"875",-0.000569755528722202
"876",0.000622951850798256
"877",0.000532847589846789
"878",-0.00074339009444225
"879",-0.000205517762731243
"880",0.000993737865273271
"881",3.70360676241629e-05
"882",0.000687173548610027
"883",0.000575446578063034
"884",-0.000499898202711465
"885",0.00115422996757243
"886",7.9688338022291e-06
"887",0.000632292393862646
"888",0.000834958472043024
"889",8.49011050290641e-05
"890",0.000150706571459601
"891",0.00078139467373316
"892",-0.00023296418643217
"893",-0.000339978896263319
"894",0.00035720777077145
"895",-4.45999244196575e-05
"896",0.000280541727006329
"897",0.000600739227440427
"898",0.000724987759627532
"899",0.000987166252717577
"900",0.000258678404665346
"901",0.000236121149398153
"902",0.00107892238376727
"903",0.00108802583161456
"904",7.83689489358989e-05
"905",0.00112759163248339
"906",0.0011564512224585
"907",0.000540276576667149
"908",0.000432048550903442
"909",0.000431335512223814
"910",-0.000142012489116422
"911",-0.000168519636355888
"912",0.00129428151988074
"913",0.00151754597220359
"914",6.98717910273959e-05
"915",0.000605954435197247
"916",0.000989646177305862
"917",0.00100452750360426
"918",0.00019097028658419
"919",6.54559928346852e-05
"920",0.000535658019319361
"921",0.000640956328982153
"922",-0.000236238686899024
"923",-1.93021834521342e-05
"924",0.000474578077606493
"925",0.000475869517197325
"926",-0.000502832169117314
"927",0.000195915571435105
"928",0.000345023057980427
"929",-0.000285552489375593
"930",-9.95771044307623e-05
"931",-0.000302561658749779
"932",0.000635110397038955
"933",0.000123766658787829
"934",6.12209690987963e-05
"935",0.000408918767614822
"936",0.000549420230689428
"937",0.000340911268720224
"938",0.00104824104226297
"939",0.000158206439655171
"940",8.12838120983219e-06
"941",0.000628626345158313
"942",-0.000259028685665544
"943",0.000517358659362779
"944",0.00105563769852303
"945",-0.000168431340359
"946",0.000677273319335318
"947",0.0012546592896784
"948",0.000349256872158216
"949",0.00129221712088945
"950",6.29946398429187e-05
"951",-4.29489402051315e-05
"952",-0.00174898528344008
"953",-0.000510949174292554
"954",-0.000525600399134434
"955",0.000617210554436887
"956",-0.00150416535545983
"957",0.000212447355151853
"958",-0.000137907093299289
"959",0.000188344131433616
"960",-9.6567496839988e-05
"961",0.000220186218011665
"962",-5.20684547389512e-05
"963",0.000534801860553295
"964",0.000746205610569657
"965",0.000201258262650268
"966",0.000900096418370566
"967",0.000830982235450872
"968",-2.01285198217912e-05
"969",0.000578434069488801
"970",0.000721898905814599
"971",-0.00034783617339008
"972",0.000763177160833493
"973",-4.53764007610445e-05
"974",-6.8450572433732e-05
"975",0.000187591821555738
"976",0.000405702500857315
"977",-0.000115377319627305
"978",3.46747603218183e-05
"979",0.000198971766972195
"980",0.000477816011158526
"981",0.000558759943314362
"982",-3.86166480514123e-05
"983",0.000231815404272041
"984",0.000257369307893971
"985",0.000280003205868365
"986",-4.00500461037838e-05
"987",0.000373290659333855
"988",0.000463558406522386
"989",0.000535094159993303
"990",4.47963311552836e-05
"991",0.000540121214563953
"992",-0.000611150027213658
"993",0.000226336062647031
"994",0.000676040018119511
"995",0.000656952617278153
"996",0.000482910775337813
"997",0.000201294247738722
"998",-6.89030766061802e-05
"999",0.000382654251810465
"1000",-0.000786126550327108
"1001",0.000283615906040279
"1002",0.00015892502930173
"1003",-0.000370897269694294
"1004",3.29190735654048e-05
"1005",-0.000209084237415166
"1006",0.000446269066196692
"1007",-0.000222519047485658
"1008",0.000266537112576885
"1009",0.000332474386131667
"1010",0.000964617029868683
"1011",-0.000912928082041325
"1012",0.000571439569528654
"1013",0.000923592368943696
"1014",0.000720516217315179
"1015",-0.000334609337832661
"1016",0.000495624287584516
"1017",-0.000187998900051249
"1018",-0.000474943603021052
"1019",0.000684941421220623
"1020",-0.000942691971463295
"1021",0.000602699916382125
"1022",0.000415327054204391
"1023",0.000798208585788761
"1024",0.00167757630929783
"1025",4.67842867367499e-05
"1026",-0.00069312061843723
"1027",0.000819074019937473
"1028",-0.000797856493139052
"1029",0.000414755808539783
"1030",0.000986733902862511
"1031",-0.00034997993101863
"1032",9.68557223467763e-05
"1033",-0.00089641811476599
"1034",0.000232128295658074
"1035",3.42006085286708e-05
"1036",-0.000421331462028058
"1037",0.00045286987105336
"1038",0.000588855779400267
"1039",-0.000377541275609427
"1040",0.000754491816427566
"1041",0.000695207156727606
"1042",-0.000209906895888688
"1043",0.000339491242222865
"1044",0.000185078000714717
"1045",0.000442726868311531
"1046",8.60840295828527e-05
"1047",-4.79629423275864e-05
"1048",1.97081554061743e-05
"1049",0.00148335670960383
"1050",-0.000583304282797316
"1051",0.000494536212660741
"1052",-0.000387793679567884
"1053",0.000380012992376461
"1054",0.000415614950099635
"1055",0.000566349319484726
"1056",0.000296647980360958
"1057",0.00170498127037289
"1058",0.000770226505842913
"1059",-0.000662573596514802
"1060",0.000181694519179079
"1061",0.00132844825665113
"1062",-0.000171079054601003
"1063",0.000175555372234438
"1064",1.01843949237977e-05
"1065",-0.000356914856620365
"1066",0.000299230679737013
"1067",0.000119625733631741
"1068",-0.000157897667308602
"1069",-0.000390435307486327
"1070",-6.7603251570182e-05
"1071",6.46760163038763e-05
"1072",0.000658703267875497
"1073",0.000818837546685462
"1074",0.0014575394592188
"1075",0.000278812939415746
"1076",-0.0006341899475835
"1077",0.000680145042810777
"1078",0.00117977306094017
"1079",-0.0008213353179839
"1080",-4.27343550592654e-05
"1081",-0.000245986249677603
"1082",-2.51335802139973e-05
"1083",6.88170954162363e-05
"1084",5.59601590501607e-05
"1085",-0.000847614015882263
"1086",0.000528411251664384
"1087",0.00150090059831427
"1088",0.000377314253568412
"1089",-0.000930620036237994
"1090",0.000451591192409696
"1091",0.000669584550277204
"1092",0.000429591228023484
"1093",0.000484174647140242
"1094",0.00080998862765498
"1095",-0.000612992327841416
"1096",0.000421048700666958
"1097",0.000524513752067949
"1098",0.000159906339681013
"1099",-0.000191796136440157
"1100",0.000679959028787522
"1101",0.00068014964620806
"1102",-0.000171898506883415
"1103",0.000430449791757031
"1104",0.000861990187055407
"1105",-0.000484538156613416
"1106",0.000456394915846579
"1107",4.21530732911824e-05
"1108",0.000322424533806157
"1109",0.000435400096061664
"1110",-0.000455122590625886
"1111",0.000222668820504368
"1112",0.000829118724637118
"1113",0.000724671522568865
"1114",-0.000271812264539064
"1115",-0.000136062435135516
"1116",-0.000525866623647038
"1117",0.000245466259892359
"1118",0.000167678078182297
"1119",0.000685369420383954
"1120",0.000678927905634792
"1121",-3.6004782349974e-05
"1122",0.00042485546465458
"1123",0.000282636304548977
"1124",7.86145172217388e-05
"1125",0.000432688514783575
"1126",0.00040264212700221
"1127",0.000223216553155034
"1128",0.000626556231576045
"1129",0.000138170431003642
"1130",0.000261713953081053
"1131",0.000486424471346905
"1132",0.000484400430226922
"1133",-7.67779344359847e-05
"1134",8.02884636262082e-05
"1135",0.000406459241252104
"1136",0.000754173195654419
"1137",0.000359288693146385
"1138",-0.000420271079237024
"1139",9.01386681122459e-05
"1140",-0.000360446655349121
"1141",-0.000334364640985847
"1142",-9.52636847476411e-05
"1143",-0.000298373788304354
"1144",0.000822506293205633
"1145",-0.00046461146004369
"1146",0.000244553076199319
"1147",0.00018188159360861
"1148",0.000753848747141779
"1149",0.000183589649436773
"1150",0.000736299248425536
"1151",0.000113238842173192
"1152",0.000410147197688386
"1153",0.00046106416543023
"1154",0.00170385464884634
"1155",-0.000518807082257041
"1156",-0.000217596370134457
"1157",0.0012584795803905
"1158",0.000412349137941483
"1159",0.000427160484100419
"1160",0.000196049512956295
"1161",0.000169048085928968
"1162",0.000310613528154606
"1163",0.000249935503382101
"1164",0.000430810735228519
"1165",0.00111637213143235
"1166",-7.05953716821212e-05
"1167",0.000178218601580913
"1168",0.000111444723201197
"1169",0.000262357335929626
"1170",0.000280967247656803
"1171",0.000249300496216087
"1172",0.000350156716584903
"1173",-0.000379497240036162
"1174",0.000606454095561919
"1175",0.000571975013922684
"1176",0.000525320896733874
"1177",-0.000397355133810509
"1178",-0.000432482981193496
"1179",-0.0002815779494022
"1180",-6.8473167065608e-05
"1181",0.000132309423152629
"1182",-0.000270157287841554
"1183",0.000188777115863779
"1184",0.000101245976537849
"1185",-0.000206529767163269
"1186",-7.20656574915027e-05
"1187",-5.19368957500561e-05
"1188",-0.000114106623914533
"1189",3.40218109800994e-05
"1190",0.000524030547443074
"1191",0.000683134535156166
"1192",-0.000850007154254264
"1193",0.00105467936681851
"1194",-0.000545798439858119
"1195",0.00044304168108885
"1196",0.000337871721708254
"1197",0.000830468021807293
"1198",-0.000128977036498976
"1199",-0.000521034144683078
"1200",0.000763804920965632
"1201",0.000718622609093894
"1202",-0.000560579462355465
"1203",0.00105438571900014
"1204",-0.000136917348428527
"1205",0.000504389356866624
"1206",-0.000358963760347722
"1207",0.000658713683595023
"1208",-7.56394059640347e-05
"1209",-0.00137162877915837
"1210",0.000618775486718092
"1211",-0.000105034081530239
"1212",0.000805929968368372
"1213",-0.000811444236682151
"1214",-0.000811010471647341
"1215",0.000335468240406564
"1216",-0.000326761131524843
"1217",5.21039399056817e-05
"1218",-0.000966699997121934
"1219",-0.000348931222087874
"1220",0.000396117568704776
"1221",-0.000184653822371744
"1222",-0.000214874367815223
"1223",6.67295482876575e-05
"1224",0.000376561392528025
"1225",0.000137793835535647
"1226",0.000711375429312645
"1227",0.000259957240333872
"1228",0.000326978760161282
"1229",0.000487611167996752
"1230",0.000325439130235763
"1231",0.000637140463717498
"1232",0.000259097576131355
"1233",0.000170491052437097
"1234",-0.000241087953436273
"1235",0.000361357951648011
"1236",9.55739596348774e-05
"1237",0.000149458305121325
"1238",0.000185731051687479
"1239",-4.2393425191324e-05
"1240",-0.00050800616514877
"1241",-4.31743990193135e-05
"1242",8.42079131796178e-05
"1243",-0.000561904685446895
"1244",0.000269468357931005
"1245",0.000466252174759938
"1246",0.000625087062082386
"1247",-9.96918103784618e-05
"1248",0.000814353417258063
"1249",8.24375544447032e-05
"1250",0.000289562892653157
"1251",-0.000919462736935298
"1252",-0.00115072579651353
"1253",0.000550636894111927
"1254",-0.000444504440052436
"1255",-5.8870460632627e-05
"1256",7.69687822886471e-05
"1257",0.000535349623333711
"1258",0.000774319647271729
"1259",-1.05580126623332e-05
"1260",0.00156591016026645
"1261",0.000106898029412614
"1262",0.00163856815786919
"1263",-0.001202732434299
"1264",-0.000656476069579272
"1265",-0.000642690257184049
"1266",0.00116651149260907
"1267",0.000207378792840236
"1268",0.000132485985250208
"1269",0.000962524225251909
"1270",2.33500130076555e-05
"1271",-0.000167770712751467
"1272",0.000447498489627514
"1273",0.000231570810611305
"1274",-0.00107578274565135
"1275",0.000551990991053125
"1276",-0.00011371193365952
"1277",0.000840671557716898
"1278",-0.000216065024058792
"1279",-0.00151669179533615
"1280",0.000906700374648829
"1281",-0.000414596067105072
"1282",-0.00085489289249225
"1283",0.000205242723319691
"1284",-0.000954614789132345
"1285",-0.000205675325961525
"1286",0.000348049013054112
"1287",-0.000132850153005453
"1288",-5.67768987503714e-06
"1289",0.000366435110246233
"1290",0.00031019035924758
"1291",0.00038870966527318
"1292",2.51715623717875e-05
"1293",-0.000186929099130727
"1294",-0.000247406116570229
"1295",0.000437467306380729
"1296",-0.000142981163339914
"1297",0.000325123315196852
"1298",-0.000285777216196836
"1299",0.00066419359018481
"1300",-0.000507534826177222
"1301",0.000790210909098743
"1302",0.000312618675409075
"1303",-0.000329950272434731
"1304",0.000199348058867068
"1305",-0.000645694528033511
"1306",0.000882508523366295
"1307",-0.000519075386588625
"1308",-0.000483713330027462
"1309",0.00045695801182167
"1310",-7.46253408077033e-05
"1311",0.000701677888092202
"1312",-0.0002449546643592
"1313",0.00055785602440997
"1314",-0.000140644826999065
"1315",0.000339417850598656
"1316",0.000619052618730978
"1317",0.00153664796724326
"1318",-0.000101918215645117
"1319",3.22465305987783e-05
"1320",-0.000612315501506867
"1321",0.00153189735739933
"1322",-0.00129328381725876
"1323",-0.000194667031551057
"1324",0.000352204227295559
"1325",-0.000165372730046322
"1326",-0.000459032064255783
"1327",-4.76442729390744e-05
"1328",-0.000339709384831809
"1329",0.000379037921334693
"1330",0.000175246055939807
"1331",0.000280379724605026
"1332",0.000696618719224003
"1333",0.000991233023909696
"1334",-0.000653962900399924
"1335",0.000829920032973436
"1336",0.000215775507777936
"1337",0.000973647380347804
"1338",0.000752823367735071
"1339",0.000649387941175782
"1340",0.000348884011193592
"1341",0.00106618277989303
"1342",0.00157022835401414
"1343",-0.00168791700415627
"1344",-0.000626746080140422
"1345",0.000270698084507984
"1346",0.00056792955871807
"1347",-8.35981843077565e-05
"1348",-5.40161401029551e-05
"1349",-8.18153755957948e-05
"1350",0.000467105953444519
"1351",0.000301800596149767
"1352",-1.53384235317422e-05
"1353",0.00110605406325362
"1354",0.000512969997809543
"1355",-0.000358896047839573
"1356",0.00028828188310221
"1357",6.74218106700693e-06
"1358",-0.00041410201798547
"1359",0.000980986607041813
"1360",0.000567298152461666
"1361",0.000269213514309383
"1362",0.00139701459560147
"1363",0.000477162949123094
"1364",0.00140503686426763
"1365",0.000476414926531627
"1366",0.00074438238908388
"1367",0.000144217203005291
"1368",0.000165474269095077
"1369",-3.13939164897421e-05
"1370",-0.000319882290754556
"1371",5.20079992747401e-05
"1372",0.000502541332268168
"1373",0.000348354934985738
"1374",-0.000827955005145677
"1375",2.61056977015874e-05
"1376",-0.000329186905814954
"1377",0.000647150317981762
"1378",-0.000390553689532231
"1379",-0.000615874825824233
"1380",0.000740940735223379
"1381",0.000208375069678074
"1382",-0.000875030620767204
"1383",0.0011049277022199
"1384",0.00019046129836493
"1385",-0.00100949014301397
"1386",1.2909804280386e-05
"1387",0.000646290325032507
"1388",-0.000635912420798839
"1389",0.00134770187710376
"1390",-5.50577706636802e-05
"1391",-0.000347008114698797
"1392",-0.000247395754614783
"1393",0.000232127402437277
"1394",5.48638114496965e-05
"1395",-8.0369214404644e-05
"1396",-0.000512317079670498
"1397",0.00015258391185764
"1398",0.00130599716084709
"1399",0.000171418180575393
"1400",0.000557693887999616
"1401",0.00026446213784656
"1402",0.000764018486497098
"1403",-0.000871129290429846
"1404",-0.000268666466299938
"1405",0.000414133272111988
"1406",0.000538609874204617
"1407",-5.7798596165462e-05
"1408",-0.00016013507573063
"1409",5.93918206565761e-05
"1410",0.000164647735516526
"1411",7.69112333255864e-05
"1412",-4.33237702824191e-05
"1413",0.00112957700380232
"1414",0.000785212911837752
"1415",0.000153514402665233
"1416",8.31489020672036e-05
"1417",0.0003845399150603
"1418",0.000208569455987513
"1419",0.000962765010231004
"1420",0.00137910528684395
"1421",0.00109016970621298
"1422",0.00126886387221501
"1423",-0.00101106754900743
"1424",-0.00172358971882208
"1425",-0.000103434460564953
"1426",0.00205622622854139
"1427",0.000136172027672903
"1428",0.00118677728600215
"1429",-0.00229003308700608
"1430",0.000309799687603856
"1431",0.00189574153743012
"1432",-0.000348842385185462
"1433",0.000129947608204849
"1434",-0.000555426547294198
"1435",-0.000974212184823576
"1436",0.000234409800930639
"1437",-0.000893814304536848
"1438",-0.00153110224164079
"1439",0.000689983416067495
"1440",0.000475733634398227
"1441",-0.00112974024740111
"1442",0.000772165020507413
"1443",0.000595650476762278
"1444",0.000879193908533442
"1445",-0.000419384437082344
"1446",0.000167115736704021
"1447",-0.0002168691968115
"1448",0.000981427152213615
"1449",-0.000433629347240339
"1450",7.30568235769754e-05
"1451",-3.80445577315364e-06
"1452",0.000574476543872565
"1453",-1.32337060279329e-05
"1454",0.00066239855843494
"1455",0.000184764869950793
"1456",5.46875040871792e-05
"1457",0.000296302387404689
"1458",0.00144183503814487
"1459",-0.000584739539677471
"1460",0.000132312872347183
"1461",0.00020130422490877
"1462",-0.000121329436906618
"1463",-0.000150539338275111
"1464",-0.00201685181411139
"1465",-0.00111134788262521
"1466",0.000164842019445371
"1467",-0.000205823760685329
"1468",-0.00124051068078534
"1469",-3.29493233675757e-05
"1470",0.000810519637125805
"1471",-0.000580681198567779
"1472",-0.000372154827304617
"1473",-6.491977535405e-05
"1474",-0.000316641921702093
"1475",-0.00105993126073172
"1476",0.000562784759178468
"1477",-0.000587960622241008
"1478",0.00026791742937153
"1479",0.00110440294838862
"1480",0.000534905135136226
"1481",-0.000566488399122031
"1482",0.000208016809620237
"1483",-0.000289880674834651
"1484",0.000351753282328109
"1485",-0.000669359034102144
"1486",3.64054479451607e-05
"1487",-0.000118454860783213
"1488",7.3932351621767e-05
"1489",0.000242596033594911
"1490",0.00053955697781309
"1491",-0.00122869391855112
"1492",0.000477611188513522
"1493",0.00241234432902211
"1494",-0.00149801806978724
"1495",0.000876604429620659
"1496",0.00156812597072426
"1497",-0.000274321904358777
"1498",-0.00037002690646914
"1499",0.00102441838430834
"1500",-0.000919475174667621
"1501",-0.000838632847193764
"1502",-0.000384177436926866
"1503",-0.00175266827811655
"1504",0.000194092432010301
"1505",-0.000845153193944932
"1506",-0.000156478469483084
"1507",0.000598965450129298
"1508",0.00122410602004114
"1509",0.00083144110147162
"1510",-0.000938023394354542
"1511",0.000256513053843225
"1512",0.000859694545213175
"1513",0.00126934628783828
"1514",9.45962843952694e-05
"1515",0.000383142505797365
"1516",0.00150624933888361
"1517",-0.00035397968200194
"1518",0.000370420134843196
"1519",-2.63504874835052e-05
"1520",0.00141716391884734
"1521",-0.000107947951312289
"1522",0.00216470281044154
"1523",-0.000616924010872788
"1524",0.000400036599350793
"1525",-0.000804802870467554
"1526",-0.000403439708651903
"1527",0.000389771501728001
"1528",-0.00107235717964553
"1529",0.000894190930771283
"1530",-0.000386486590231683
"1531",-0.0011545207217941
"1532",0.000455672624603236
"1533",0.000995801106227888
"1534",-0.00013687603332512
"1535",0.00051491848643635
"1536",0.000524056381027656
"1537",0.000930879826159681
"1538",-0.000644819300171205
"1539",0.000177184952228794
"1540",0.00105178649821072
"1541",-0.0018674088230738
"1542",-0.00043550096946427
"1543",-0.00019857182454001
"1544",-0.00071752195345142
"1545",-0.000415444038771202
"1546",-0.000320671336355788
"1547",-0.00026673706446126
"1548",-0.000245944433042523
"1549",-0.000408727377165605
"1550",0.000257341670037368
"1551",-0.000147225301634575
"1552",-0.000903249735455977
"1553",0.000999336087912239
"1554",0.000637661181053171
"1555",0.000415740904206724
"1556",0.000329536695787151
"1557",0.000635563599824617
"1558",-4.01887120036331e-05
"1559",0.000434544378217414
"1560",-0.000290329269531173
"1561",0.000113176184699988
"1562",-0.000424924303026924
"1563",-0.000371435762134652
"1564",-0.000240813592977905
"1565",-0.000819658189262152
"1566",-0.000270961052176053
"1567",0.000211262286461743
"1568",-6.39504699937671e-05
"1569",-0.000627510482297111
"1570",0.000382206438375446
"1571",0.000301598546597694
"1572",-0.000279695356078846
"1573",0.00076927875061334
"1574",-0.000115296086875016
"1575",2.67953297531361e-05
"1576",1.51225538648188e-07
"1577",-0.000595271071297064
"1578",0.000302670255401581
"1579",4.34254179447667e-06
"1580",-0.00014412810193884
"1581",-0.000148344324830271
"1582",-0.000322783593502324
"1583",0.000366890597572527
"1584",0.000517695476837575
"1585",0.000277566866552219
"1586",0.000212401844406947
"1587",-0.000298480841098973
"1588",0.000627607836441529
"1589",-0.000646146058947737
"1590",0.000119154210308222
"1591",-0.000196301320401127
"1592",-0.000412941987340227
"1593",0.000948254042892665
"1594",-0.00025213078834533
"1595",-0.000602506486453442
"1596",0.000936177140418023
"1597",-0.000249241637593576
"1598",-0.000232306257786608
"1599",-8.85770550302048e-05
"1600",0.000362797594164263
"1601",-0.000749222464735798
"1602",0.00131763955087219
"1603",-0.000349146075438087
"1604",0.000594953318363003
"1605",-0.000471516896837577
"1606",0.000922114688715642
"1607",-9.08809422116492e-05
"1608",0.000112326606485219
"1609",-0.000511898208868818
"1610",0.000201764906120426
"1611",-0.000157096458059958
"1612",0.000237199894987406
"1613",0.000732929661476888
"1614",0.000400586320379768
"1615",0.00112843358035843
"1616",0.000756689646134506
"1617",-0.000642930463717381
"1618",0.000888466481046747
"1619",0.000450345461248334
"1620",-0.000124229864495176
"1621",-0.000311544752188001
"1622",-0.00123604589738267
"1623",0.000100466061024582
"1624",0.000283520463173322
"1625",-0.000275912006674175
"1626",-7.41939646941128e-05
"1627",-0.000676047979147779
"1628",0.000313749528205968
"1629",-0.0003954301239969
"1630",0.00062023507074792
"1631",0.00100811698913038
"1632",-0.0011078862995359
"1633",0.00176503884621731
"1634",3.72365934362909e-05
"1635",-0.00185354023381185
"1636",-0.000233427425119053
"1637",0.000481882665184966
"1638",0.000612010392271299
"1639",0.000484302617445625
"1640",-0.000540173136100906
"1641",-0.000439743010411985
"1642",-0.000345178134992753
"1643",-2.70049479583836e-05
"1644",0.000245856273658901
"1645",7.64117297109745e-06
"1646",-0.000512462227367683
"1647",1.00377998842711e-06
"1648",0.000290195957224722
"1649",-0.000271585380072038
"1650",0.000522220577811425
"1651",0.000578488379191996
"1652",-0.000262678079296374
"1653",0.000573973262921935
"1654",0.000342997565214029
"1655",-5.40444867469454e-05
"1656",0.000558962196125122
"1657",0.000754104653817041
"1658",0.000394891308600397
"1659",0.000315089815248847
"1660",-0.000251200975506959
"1661",-0.000329737560564683
"1662",-0.00119881941466848
"1663",-0.000336652021879471
"1664",-0.000105444891432523
"1665",-0.000283702845005184
"1666",-0.00087817109782672
"1667",-2.33454021401063e-05
"1668",-0.000200147814406439
"1669",0.000390374661014137
"1670",-0.000189429995482157
"1671",-0.000313073725586216
"1672",4.4126871874351e-05
"1673",0.00015605876673217
"1674",0.000683196088192763
"1675",0.000687977172233334
"1676",0.000333536269065158
"1677",0.000236588527869248
"1678",-0.000278315794467104
"1679",0.000949669097795823
"1680",0.000171313266085005
"1681",0.000338518990801754
"1682",0.000109845162031442
"1683",0.00060824112667901
"1684",-0.00093273967715246
"1685",-0.000773256422351056
"1686",0.000679753805731053
"1687",-0.00201463471549479
"1688",0.00110525430736844
"1689",0.000418109830441357
"1690",-0.000649954306870672
"1691",0.000423924351230045
"1692",0.00098291427566277
"1693",-0.000138900847763983
"1694",-0.000187753167379047
"1695",0.00029027888309458
"1696",0.000624898651872652
"1697",0.0004910480655396
"1698",-0.000996409422955747
"1699",-0.00035491368499143
"1700",0.000693655474354821
"1701",-0.0011183573166268
"1702",-5.84451035904129e-06
"1703",0.00049813456124286
"1704",-0.000765968940574056
"1705",0.00043341895590693
"1706",-0.000280220905400501
"1707",4.53087002973818e-06
"1708",4.4608262171789e-05
"1709",0.000769264999637492
"1710",0.000129825607246297
"1711",0.00125842953693607
"1712",-2.7346882268573e-05
"1713",-0.000349052077383483
"1714",0.000398953067176719
"1715",0.000143032403549196
"1716",4.99143417164431e-05
"1717",0.000235109894636702
"1718",-0.00022882509851215
"1719",0.000153737351203264
"1720",-8.06670634170534e-05
"1721",0.000356885340040121
"1722",0.00054683841477014
"1723",0.000140406239723041
"1724",0.000545489097146088
"1725",0.000360152037748954
"1726",-0.000702062450428168
"1727",0.000558002352628096
"1728",-0.00212740105698576
"1729",-0.000959352384834602
"1730",-0.000619044903356472
"1731",0.000201427894187971
"1732",0.000554252003670538
"1733",-0.000198594758842246
"1734",-0.00049256673459318
"1735",-0.000357951354517043
"1736",0.000368079669933478
"1737",-6.37472769743921e-05
"1738",0.00049350848197829
"1739",0.000436672324441614
"1740",6.54953058614759e-05
"1741",7.25344596845595e-05
"1742",0.000688932009552106
"1743",0.000388596878792789
"1744",-5.00505669593594e-05
"1745",-2.84332172391947e-05
"1746",-0.000555254000119079
"1747",0.000434724990791897
"1748",-0.00085885968474185
"1749",0.000246474733946734
"1750",0.000311417928191351
"1751",0.00039781351938846
"1752",-0.000104206432491031
"1753",0.000322132042950831
"1754",-0.00141727381781592
"1755",-0.000805039981848028
"1756",0.000475736949380652
"1757",8.54740381313825e-05
"1758",7.39120521200398e-05
"1759",0.000491068818237583
"1760",0.000433602688508496
"1761",-0.000263787244534859
"1762",0.000449278001686685
"1763",0.00069437675204422
"1764",0.000296285461519718
"1765",0.000133550840730474
"1766",-8.28829458530499e-05
"1767",0.000318192482892326
"1768",0.000515022859722838
"1769",-0.0012575959469635
"1770",0.000848189869825372
"1771",0.000123972095971865
"1772",4.64805342672817e-05
"1773",0.000530709149436036
"1774",0.000115508759360722
"1775",-0.000461354833313842
"1776",0.000164640079101298
"1777",-0.000120162583826531
"1778",6.12857190416674e-05
"1779",-0.000257781011856907
"1780",0.000200440554448479
"1781",0.000480815928099785
"1782",0.000976780251093508
"1783",-0.00045924407025544
"1784",0.000564651501071711
"1785",-0.000372914599669945
"1786",0.000117880460544433
"1787",-0.000178176154976492
"1788",0.000352673340175348
"1789",-0.000989513493935125
"1790",1.49097922407528e-05
"1791",-0.000220335205641672
"1792",-0.000324730506012799
"1793",0.000267396177803028
"1794",9.72980858834965e-06
"1795",-0.000126335441127386
"1796",-0.000168087743572561
"1797",-0.000562410298893972
"1798",-0.000340209741917694
"1799",-0.00011332036072388
"1800",9.41940312630256e-05
"1801",0.000289688835168836
"1802",-0.000787875722036995
"1803",0.000582868850697477
"1804",0.000414159775349846
"1805",0.000433622011901844
"1806",-0.000277695546483591
"1807",-0.000102650240959855
"1808",-0.000808404581682354
"1809",-0.000558279844059542
"1810",-0.000236408117806667
"1811",6.31063669337391e-05
"1812",0.000258564649325234
"1813",0.000108320407906456
"1814",0.000300108870565211
"1815",-0.000406446040024582
"1816",0.000167262999066118
"1817",0.000570164899530866
"1818",7.25458148348087e-05
"1819",0.000645181199201689
"1820",0.000236807073073063
"1821",-0.00100865978809682
"1822",0.000273832200945582
"1823",-0.000539342439691164
"1824",0.000327220677077631
"1825",0.000643259513568726
"1826",-0.000318433480913102
"1827",0.000861174399036664
"1828",0.000413320023633451
"1829",0.000355552639284518
"1830",0.00138637920598273
"1831",0.000667213490678887
"1832",0.000418238762151216
"1833",0.000935514711631807
"1834",-8.37758451599651e-05
"1835",0.000362804283882528
"1836",0.000437204801720727
"1837",-0.000251402748043763
"1838",0.000652092275668126
"1839",-0.000644423523973501
"1840",-0.000709859177307419
"1841",0.000415066303953965
"1842",0.000106801180512341
"1843",7.43419969250333e-05
"1844",0.00112666494071947
"1845",-0.000563978719853662
"1846",0.000130026236803693
"1847",0.000360967850587164
"1848",5.53007064370068e-05
"1849",-0.000139945141569909
"1850",-0.000508075304279689
"1851",0.00013625626330529
"1852",-0.000382346768441036
"1853",-0.000357122322231715
"1854",8.76150283893917e-05
"1855",0.000581432706806359
"1856",0.00170291093888902
"1857",-0.000853020084348351
"1858",-0.000349202461076792
"1859",0.000125294563530214
"1860",0.000643582020056692
"1861",-9.32864308297831e-05
"1862",0.00122299517918388
"1863",0.000546466669320655
"1864",0.000475897023628149
"1865",0.000437079373118298
"1866",-0.000234971621034924
"1867",0.000643935878295164
"1868",0.000916524354769111
"1869",0.000246747681745745
"1870",-0.000493226868800542
"1871",-8.49664657823287e-05
"1872",-0.00120504974167501
"1873",0.000521245747477365
"1874",-0.000170395589512394
"1875",-4.6424476226283e-05
"1876",0.00027873170728006
"1877",5.8381689450349e-05
"1878",7.46516592237102e-05
"1879",-0.000169699201540227
"1880",-6.69316967359171e-05
"1881",-0.000382373702634245
"1882",1.28923299540316e-05
"1883",-0.00025002808048397
"1884",0.000574612602481802
"1885",-2.83855544318426e-05
"1886",0.000604882185987573
"1887",-0.000189206634807095
"1888",-0.000761981737768883
"1889",-0.000142189967398679
"1890",0.000875648977822523
"1891",-0.000451922242260531
"1892",0.000262816952421947
"1893",0.000703574716073211
"1894",2.19929089299571e-05
"1895",0.000295179241971425
"1896",0.00065295953541407
"1897",0.000573430741748312
"1898",0.000486271181218358
"1899",2.66288313618103e-05
"1900",0.000176018596629612
"1901",0.000198390471338674
"1902",8.59864642856657e-05
"1903",-0.000376476645673591
"1904",-0.000310919029214975
"1905",-0.000268966952239547
"1906",0.000184636563603854
"1907",-0.000115272390119798
"1908",-0.000370634798630655
"1909",0.000309530947314471
"1910",-2.42316135454484e-05
"1911",-9.72470589074447e-05
"1912",-9.47554413781585e-06
"1913",0.000362601932784496
"1914",-0.00058874560232631
"1915",0.000927521595631931
"1916",-1.3461900710033e-05
"1917",-0.000483190734511089
"1918",-0.00039527504063663
"1919",0.000368810259904379
"1920",7.97359767992451e-05
"1921",0.00010127396480042
"1922",-0.000687946384432323
"1923",-0.00079162686221651
"1924",0.001329337355156
"1925",-0.000321256253973772
"1926",0.000999221206344796
"1927",0.00155380108317542
"1928",0.000458085972649566
"1929",0.000205659114988769
"1930",0.000891159993512248
"1931",0.000539333654514176
"1932",0.001720684302966
"1933",-0.00107426574348106
"1934",0.000247657655246066
"1935",-0.000885371610086982
"1936",-0.000766587647098062
"1937",-0.00144333488067734
"1938",0.000374010424202276
"1939",0.000148067896421679
"1940",0.000442095287702239
"1941",0.000411331809967368
"1942",0.000344045028282661
"1943",-0.0003141606452717
"1944",0.000289897326481366
"1945",0.000325223406757691
"1946",0.000454771812054625
"1947",5.1928963039362e-05
"1948",-8.85077414626367e-05
"1949",0.000166454739078737
"1950",0.000369610295427885
"1951",-0.000340595298288591
"1952",0.00050356918764871
"1953",0.000202855780065725
"1954",6.14704353454471e-05
"1955",0.000281056141801767
"1956",-0.000163586370705959
"1957",2.39428059368493e-05
"1958",0.000251898139070101
"1959",0.000411134336677691
"1960",0.000449069410322344
"1961",0.000182792393096929
"1962",0.000237368186723747
"1963",-0.000466303959299596
"1964",0.000318351714888795
"1965",-0.000383881330381658
"1966",0.000513554317014709
"1967",-0.000280565728441962
"1968",0.000636421191659399
"1969",-0.000378629830059864
"1970",0.000754983676625429
"1971",0.000724370851279445
"1972",0.000223721890154052
"1973",0.000684504236530175
"1974",-0.000574264012648547
"1975",-0.000107282985857638
"1976",-0.00012851754979665
"1977",-0.000484052652256875
"1978",9.00734568339104e-05
"1979",-0.000377163072818685
"1980",0.000164641718052367
"1981",-0.000251785984242345
"1982",0.000293182513330404
"1983",0.000873198623705211
"1984",-0.000564306685910765
"1985",0.00050517132624405
"1986",-0.000201487052470984
"1987",0.000140705909658011
"1988",0.000838074431978637
"1989",0.000179030780503869
"1990",5.27051031052693e-05
"1991",0.000227700367259256
"1992",0.000759994151039967
"1993",-0.000194841083556495
"1994",0.00115550628735244
"1995",-0.0005331656401749
"1996",-0.000534006222473585
"1997",0.000392319492705943
"1998",-0.0011422881981203
"1999",7.40343738931204e-05
"2000",-0.00148266083806671
"2001",2.16109088085312e-06
"2002",0.000306414103354568
"2003",0.000642571381047009
"2004",-2.83322165986617e-05
"2005",0.000122710436065543
"2006",0.000406612563081384
"2007",0.000415161093188911
"2008",0.000463010941597747
"2009",0.000923573920690807
"2010",0.00061495514599238
"2011",0.000401221527414469
"2012",4.8690299834084e-05
"2013",0.00130332273238257
"2014",0.00122198488665943
"2015",-6.64607896141847e-05
"2016",-0.000220827536743546
"2017",7.07703927708655e-06
"2018",0.000247423488542697
"2019",8.80595775108673e-05
"2020",-0.000293227650780131
"2021",-0.000129076851504265
"2022",0.00031395673824023
"2023",0.000435246098948737
"2024",-0.000326441390001178
"2025",0.00156044388615605
"2026",7.92209878634934e-05
"2027",0.000615239888948037
"2028",0.00102269640708826
"2029",0.000807891383133023
"2030",3.47945491517244e-05
"2031",0.00111345510142362
"2032",0.00118452165485486
"2033",0.00119850294715564
"2034",-0.000800259473119421
"2035",0.000803863792188479
"2036",0.00160391558464545
"2037",0.00418833217119538
"2038",-0.00215128549843055
"2039",-7.02525160842344e-05
"2040",0.00324973678634467
"2041",-0.0014082215677165
"2042",-0.00204112055668105
"2043",0.00320456775920345
"2044",6.10308340584884e-05
"2045",-5.115029289405e-05
"2046",0.000395512456799096
"2047",0.000982758422559358
"2048",0.000341982457654162
"2049",-0.000641120019243771
"2050",-0.000392762215775952
"2051",-0.000608662459655344
"2052",0.000957273400875715
"2053",0.000711916715884559
"2054",0.000932011838322503
"2055",-0.000120975390575829
"2056",-0.00153961692616158
"2057",0.00112580936049056
"2058",-0.000215053893172581
"2059",-0.000895063980799206
"2060",-0.00109755666614582
"2061",0.000859327885810829
"2062",0.000583758473403563
"2063",0.00047501108562217
"2064",-0.00116075351645851
"2065",3.07870217750757e-05
"2066",0.000967714100238039
"2067",-0.00155926417825706
"2068",0.000354012305752511
"2069",0.00141570089360839
"2070",9.86064862080484e-05
"2071",-0.00130220578949972
"2072",0.00120875840176651
"2073",-0.000590273007776006
"2074",-0.000608034241617399
"2075",0.00164045969422846
"2076",-0.000335819121307098
"2077",0.000210890592489304
"2078",0.000198408276962915
"2079",0.00173952536206657
"2080",-0.000187248568139132
"2081",8.3542170936289e-05
"2082",0.0015539997977932
"2083",-0.000891840241600067
"2084",0.000768746253344536
"2085",-0.000135637097609252
"2086",0.000225441111188042
"2087",0.000761916525729289
"2088",-0.000412481385388273
"2089",0.000142217994252842
"2090",-0.000395069562342838
"2091",0.00121425885451388
"2092",-0.0007565485651311
"2093",-0.000651471721222642
"2094",0.000585993237011349
"2095",8.79988587460858e-05
"2096",-0.000671129297167774
"2097",0.000129269438879948
"2098",-0.000604492807360483
"2099",-0.000445672020975822
"2100",-0.000270389230726765
"2101",0.000987774084494315
"2102",-0.00139982677010074
"2103",0.000725754488224531
"2104",4.90325148354132e-05
"2105",0.000457622574363525
"2106",0.00052276078806802
"2107",-0.000293413376185768
"2108",0.000400243939200908
"2109",-0.000415856196923645
"2110",-0.000634514197369714
"2111",0.000780176973012347
"2112",1.94543673748531e-06
"2113",0.000320107069794455
"2114",0.000101211058229554
"2115",0.00156350898211604
"2116",-9.29269626526855e-05
"2117",0.00138266556757736
"2118",0.00065920961698574
"2119",-4.42942475131001e-05
"2120",0.000236223102991816
"2121",-0.000983476847914032
"2122",0.000297890711056373
"2123",0.000293601531631068
"2124",0.000486344408905126
"2125",0.000210030980305348
"2126",0.000543192293152535
"2127",0.000114995467615383
"2128",0.000121769637082217
"2129",0.00039682128655234
"2130",0.000929262698089925
"2131",0.000121749329401271
"2132",0.000720252709201402
"2133",-0.000453160538222659
"2134",0.00131334255996877
"2135",-5.23193165752482e-05
"2136",-4.44086367827981e-07
"2137",-0.000105765730005393
"2138",-8.49177982457768e-05
"2139",0.000362998681480063
"2140",0.000636223419270431
"2141",-0.000566799890091287
"2142",-7.95149171514226e-05
"2143",-1.98371508567949e-05
"2144",0.000332087738636396
"2145",0.000694475035138886
"2146",-0.000881824845448044
"2147",-4.31264802503775e-05
"2148",0.000267894551734118
"2149",0.000337487695702681
"2150",-0.000591209804929337
"2151",0.000682459336662268
"2152",1.89203216817939e-05
"2153",0.000246548668936854
"2154",-0.000380927017287663
"2155",0.000594241440132511
"2156",-0.000415045684726571
"2157",0.000228529421823745
"2158",0.00029908041087461
"2159",-0.000185558791761674
"2160",0.00147464329060406
"2161",0.000413323254161304
"2162",-0.00024994674134196
"2163",0.000854620049518199
"2164",-6.22192287137151e-05
"2165",0.00017706554522946
"2166",0.000918432598022144
"2167",0.000241605707393799
"2168",0.000235518518144936
"2169",-0.000249752875221001
"2170",0.000538897003649381
"2171",-0.000691042120351253
"2172",-0.000133852912734788
"2173",0.000267338666088816
"2174",0.000189920129996824
"2175",1.18269728360082e-05
"2176",0.000161560403092776
"2177",-0.000472673980743792
"2178",-0.000472104501669837
"2179",0.000650603381498343
"2180",-0.000184067498418798
"2181",0.000180376635305899
"2182",-0.000183107426203783
"2183",-0.000171627751685159
"2184",4.32351452039236e-05
"2185",0.000235993009673621
"2186",0.000222356435868149
"2187",0.000600818197472252
"2188",-0.000454317797363233
"2189",0.000191315618041612
"2190",0.000210919776246772
"2191",0.000302868186660794
"2192",0.000567221660493787
"2193",-0.000274934759341168
"2194",-0.000686037208194508
"2195",0.00031453542498834
"2196",9.13631088153279e-06
"2197",0.000521193460991263
"2198",0.000117933669926792
"2199",-0.000129609497258236
"2200",2.27966596029882e-05
"2201",-0.000141691674811828
"2202",-0.000120795431381878
"2203",-8.77779508349813e-05
"2204",9.77697941070398e-05
"2205",0.000976244898798357
"2206",0.000261416903968921
"2207",-0.000524205169740918
"2208",2.37927270929784e-05
"2209",0.00226622872356733
"2210",0.000400930872307665
"2211",-0.00103715137508798
"2212",0.000233473721265219
"2213",-0.0006101343140311
"2214",0.000592920365459501
"2215",9.57483183740474e-05
"2216",-0.000793492717226785
"2217",-0.0001036268988148
"2218",0.000747920724006355
"2219",0.000654680399867878
"2220",-0.00059654654277712
"2221",-0.000129855300717511
"2222",0.000894203236354081
"2223",-0.000621411236280882
"2224",-0.000350271292328251
"2225",0.000742792860535315
"2226",0.000310386461166092
"2227",0.000155206191946683
"2228",-0.00110121077748461
"2229",-0.000697526531983676
"2230",0.000461422894406268
"2231",-0.000214536130186777
"2232",0.00102917124741268
"2233",-0.000465927262441023
"2234",0.000298015074968197
"2235",-1.43076654292517e-05
"2236",-1.49563545589531e-05
"2237",0.00092701703039937
"2238",0.000288994444377574
"2239",-0.000708212072048058
"2240",9.13042501788935e-05
"2241",-0.00027812331934055
"2242",-0.000118012295314042
"2243",-0.000533376507300812
"2244",0.000169458219815106
"2245",-0.000697491217412663
"2246",-0.000264743166925027
"2247",0.00134459640345158
"2248",0.000109263092896805
"2249",-0.000303933962075333
"2250",-0.000374946625271793
"2251",0.00029296556642197
"2252",0.000860955808969445
"2253",0.000237232227741671
"2254",0.000829731080964131
"2255",0.000482593248927758
"2256",-0.00145551778475958
"2257",0.000172433610222657
"2258",0.000713364436171822
"2259",-0.000268590336114635
"2260",0.000623865555895557
"2261",-0.00129939114627883
"2262",0.000164065172343017
"2263",0.000691373619942504
"2264",-0.000357150728206406
"2265",-0.000454747305579703
"2266",0.00199174334398115
"2267",-0.00290271225958582
"2268",0.00204716209475758
"2269",0.000850421225732496
"2270",0.000688556047912283
"2271",-0.000805962561010883
"2272",-2.15793089209563e-05
"2273",-0.000761473142416742
"2274",-0.000130912149923697
"2275",2.99425055056844e-05
"2276",0.000197915869568659
"2277",-0.000311404157718895
"2278",0.000757841691091248
"2279",-0.000461397925402124
"2280",0.00046560323157605
"2281",0.000379061038271707
"2282",0.000683620358887932
"2283",-0.000486267923496245
"2284",-0.000572541017982353
"2285",0.00124130246848413
"2286",-0.000310109245338512
"2287",0.000251877196438718
"2288",-0.000396513549026609
"2289",0.000157940616919553
"2290",4.52720809424539e-05
"2291",-2.45052539694427e-05
"2292",0.000656596126142306
"2293",-4.36108957229512e-05
"2294",0.000776185375745704
"2295",0.000692527616781703
"2296",-0.00171055889337762
"2297",0.000656811193918493
"2298",0.000311468354549824
"2299",0.00048381903138273
"2300",0.000242159934437921
"2301",0.000345086697008893
"2302",0.00024039129329903
"2303",0.000140590413885599
"2304",0.000215353855101435
"2305",2.43670341352761e-05
"2306",0.00109898676142297
"2307",-0.000212567824925955
"2308",-3.63949690623853e-05
"2309",0.000563427316572176
"2310",2.80384456775077e-05
"2311",0.00044417237816357
"2312",0.00105372631167152
"2313",0.000403712430163774
"2314",-0.00107294695995933
"2315",-0.000554333938789146
"2316",0.000931209991250549
"2317",0.000373703715073065
"2318",0.000509188545857468
"2319",0.000273233924121039
"2320",0.000977311954332623
"2321",0.000832622077010751
"2322",0.000604923236713546
"2323",0.000296229686755366
"2324",0.000590872466809963
"2325",-0.000204172723958112
"2326",0.000238332777341147
"2327",0.00138536286276217
"2328",0.00097458463150235
"2329",-0.000445482684237615
"2330",-0.00135099261627345
"2331",0.000567263316938914
"2332",0.00122513682874838
"2333",-0.000113540162121654
"2334",-0.000127774473830224
"2335",-0.000815729413506418
"2336",0.000159668009784202
"2337",0.000109392069331121
"2338",-0.000144662681278405
"2339",-0.000248719395216326
"2340",0.000696724696524285
"2341",0.000275519017477172
"2342",4.06126293728182e-05
"2343",0.000886380337146482
"2344",-0.000179503730949048
"2345",0.000665379581394216
"2346",0.000651964462831209
"2347",0.000964174621735731
"2348",0.000621779438494022
"2349",0.000164791060595582
"2350",0.000945172454262771
"2351",0.00135455148837098
"2352",-0.00061697469580998
"2353",0.000309887433480683
"2354",-0.000374043091689356
"2355",0.00215626158574443
"2356",-0.00104285722539665
"2357",-0.000629229639718675
"2358",0.000317572967149057
"2359",0.000253250020971439
"2360",0.00075256346718483
"2361",0.000938846980617861
"2362",0.000713855058409244
"2363",-0.000494563698920018
"2364",-0.000224776686174425
"2365",0.000395308291378162
"2366",0.000293343224617285
"2367",0.000309225115800993
"2368",0.000196913024857593
"2369",-0.00148967186853621
"2370",-0.000152114384198085
"2371",0.000507855949137596
"2372",0.000526302353551998
"2373",0.00130230397597284
"2374",0.00137346275195277
"2375",0.000254829762693852
"2376",0.000631582258138939
"2377",0.000966120121836428
"2378",0.000803656235125095
"2379",0.000163722743404832
"2380",-0.000356022289727146
"2381",0.00124286638802584
"2382",0.000219441074932604
"2383",0.000883783962923612
"2384",0.000182424121651879
"2385",-0.00016648223769066
"2386",0.000186558781945063
"2387",0.000710359217134697
"2388",0.000130541228081514
"2389",0.000512692157484194
"2390",5.88089182224971e-05
"2391",0.000390360596437308
"2392",0.00053999409332039
"2393",0.000334075292390268
"2394",-4.03872239241384e-05
"2395",0.000183795284183139
"2396",-0.000482956496909138
"2397",-1.17902986059042e-05
"2398",0.000314084499927792
"2399",-0.000681787434878688
"2400",0.000150045219349143
"2401",-6.98052870859749e-05
"2402",-0.000367782781222204
"2403",2.82019962995049e-06
"2404",-0.000511658569511034
"2405",0.00178860907846545
"2406",0.000761087414926354
"2407",0.000740179255622437
"2408",-0.000979848430926929
"2409",0.000425497230429689
"2410",0.00122140998025784
"2411",0.00170815122521221
"2412",-0.00114575919500635
"2413",0.000440055878415422
"2414",-0.00106983657601733
"2415",0.000138189649824265
"2416",0.000136568252782443
"2417",0.000653707529990495
"2418",0.000845605179172049
"2419",-0.000653660830877415
"2420",0.00159657174412337
"2421",4.03731526494639e-05
"2422",-0.000191743589820962
"2423",0.000940619783785894
"2424",0.000682739757294988
"2425",-0.000739989169706189
"2426",0.000270874688483693
"2427",0.000689684703661233
"2428",-0.000748122961002674
"2429",0.001183337150064
"2430",-0.000305693106875545
"2431",0.000150330988031194
"2432",6.46489852455871e-05
"2433",0.00157327510107052
"2434",-0.000369673584327809
"2435",-6.66548422958457e-05
"2436",0.000538359493173365
"2437",0.000139541331055964
"2438",0.000410232990067643
"2439",-0.000154002143368811
"2440",0.000311133998281591
"2441",-8.73451927931745e-05
"2442",0.000449969896603654
"2443",0.000284702648988794
"2444",-0.000103039611388007
"2445",0.000461171274553485
"2446",0.000573921292646835
"2447",7.57092971686209e-05
"2448",0.000600426460281503
"2449",0.000147016244756287
"2450",0.000206962839188331
"2451",4.45951367770624e-05
"2452",7.63343735445175e-05
"2453",0.000284955716572155
"2454",0.00109307770398879
"2455",-0.000588521171672033
"2456",-0.000185226236266099
"2457",0.000850076197382831
"2458",-0.000115773033961793
"2459",-0.000643832278225646
"2460",0.000603560959224503
"2461",-0.000694554766409097
"2462",-0.00165362491580185
"2463",0.000318656790403608
"2464",0.000599392289896728
"2465",0.000733776692524339
"2466",0.000984155066179446
"2467",-0.000124589370970764
"2468",0.000199997994464886
"2469",0.000556183326404356
"2470",0.000740941201556496
"2471",5.25118892351252e-05
"2472",0.000502185816680368
"2473",0.000199556201938417
"2474",3.90637296546364e-05
"2475",0.000686119303764082
"2476",0.00090629290658678
"2477",-2.89392912787368e-05
"2478",0.00017709720540117
"2479",0.000378998545488103
"2480",-0.000720885825554814
"2481",0.000555075234752865
"2482",-4.49853697088389e-05
"2483",0.000444616450946966
"2484",-9.14157168763165e-05
"2485",0.000657461597872251
"2486",0.000106402953111349
"2487",0.00080892577487437
"2488",0.000504334041137589
"2489",-4.17818841666889e-05
"2490",6.70429585009235e-05
"2491",-0.000164295251967496
"2492",0.000329462949228334
"2493",0.000626395941078653
"2494",0.000283400579914246
"2495",-0.000116224557075625
