"","x"
"1",-0.011419619
"2",0.014951037
"3",-0.001128163
"4",0.000157033
"5",0.003138043
"6",0.001068184
"7",0.004313334
"8",-0.003444346
"9",0.005035142
"10",0.002788214
"11",-0.009420563
"12",0.01091264
"13",-0.011400876
"14",-0.020113881
"15",-0.020876027
"16",0.002347383
"17",-0.000252069
"18",0.004107213
"19",-0.011303086
"20",-0.00524975
"21",0.011740967
"22",0.010929165
"23",-0.00255416
"24",-0.026130063
"25",0.001004859
"26",-0.010371397
"27",0.015163917
"28",-0.002014166
"29",0.0105406
"30",-0.004441043
"31",0.016800433
"32",0.00393723
"33",0.008115065
"34",0.000909199
"35",-0.0018236
"36",-0.009724168
"37",0.008923005
"38",-0.005121367
"39",0.000409794
"40",0.007605646
"41",0.000210542
"42",-0.000886097
"43",0.004557178
"44",0.011686989
"45",-0.001294757
"46",0.001123936
"47",0.000279259
"48",0.004212016
"49",0.001210967
"50",0.001643338
"51",0.004118536
"52",0.004462806
"53",0.004238998
"54",-0.003450122
"55",0.004087624
"56",0.009543991
"57",-0.004837957
"58",0.000466916
"59",0.000844038
"60",0.004193409
"61",0.001060914
"62",-0.004656467
"63",0.006488241
"64",0.00425361
"65",-0.000324377
"66",-0.006606269
"67",0.002711698
"68",0.006431669
"69",0.000783836
"70",0.001222082
"71",0.00940979
"72",0.001929313
"73",-0.011297892
"74",0.006660488
"75",0.002254747
"76",0.000707053
"77",0.000842264
"78",0.006286008
"79",6.69e-05
"80",-0.019012893
"81",0.004847102
"82",0.01105005
"83",-0.014212
"84",0.013009792
"85",-0.02018149
"86",-0.00548556
"87",-0.031886922
"88",-0.013297183
"89",0.038987785
"90",-0.003419509
"91",0.013830182
"92",-0.010458007
"93",-0.015096985
"94",0.000533883
"95",-0.01081138
"96",-0.006334354
"97",-0.036034758
"98",0.012453294
"99",-0.012441331
"100",-0.00226694
"101",-0.006899794
"102",0.02852689
"103",-0.011927134
"104",-0.01110925
"105",0.022498012
"106",0.000560048
"107",-0.031526252
"108",-0.011627048
"109",0.012579877
"110",-0.004097641
"111",0.027606159
"112",0.003788639
"113",-0.001976352
"114",0.020987361
"115",0.000450796
"116",0.002373799
"117",0.001578441
"118",-0.000787463
"119",-0.014258262
"120",0.000478058
"121",-0.014142008
"122",-0.000885493
"123",-0.000521504
"124",-0.026455512
"125",-0.009754544
"126",-0.004244851
"127",-0.004731535
"128",0.005898907
"129",0.028188718
"130",0.01204897
"131",0.005823069
"132",0.001788508
"133",0.014364343
"134",0.000357058
"135",-0.000714802
"136",-0.025234228
"137",0.005598124
"138",0.00743816
"139",-0.010696981
"140",0.019936656
"141",0.00991255
"142",0.009670335
"143",0.001164869
"144",-0.00377792
"145",-0.002926279
"146",-0.000116529
"147",0.019915979
"148",-0.003559926
"149",0.004141428
"150",-0.000510206
"151",-0.002006645
"152",0.004241815
"153",-0.005094053
"154",-0.024935521
"155",-0.005673075
"156",-0.001627896
"157",-0.000110706
"158",0.010079571
"159",0.000931248
"160",-0.013857186
"161",-0.005606919
"162",-0.003838988
"163",-0.013166361
"164",0.001953037
"165",-0.007380672
"166",0.016507507
"167",-0.013882847
"168",0.000498441
"169",0.025437557
"170",0.004930136
"171",0.012386516
"172",-0.010264163
"173",0.004479327
"174",0.002717863
"175",0.004563437
"176",0.007776177
"177",-0.001672935
"178",0.00439275
"179",0.002090246
"180",0.001228857
"181",0.013741759
"182",0.000689085
"183",-0.002018459
"184",-0.007159645
"185",0.018554873
"186",-0.004440016
"187",0.004263729
"188",-0.002105275
"189",-0.004358952
"190",0.003858889
"191",-0.007240303
"192",0.017993242
"193",0.002095135
"194",-0.001738778
"195",0.005288393
"196",0.000350646
"197",0.000913736
"198",0.006867236
"199",-0.000136063
"200",-0.002865369
"201",0.007313727
"202",-0.014812895
"203",0.011781955
"204",0.003475035
"205",-0.001256956
"206",0.002828661
"207",0.000484605
"208",-0.003865871
"209",-0.001108194
"210",0.000408499
"211",0.000551323
"212",0.005761959
"213",0.002360427
"214",0.019590496
"215",0.000808077
"216",-0.003254105
"217",-0.005267878
"218",0.000906871
"219",-0.006510537
"220",-0.008022577
"221",0.000838917
"222",-0.015931995
"223",-0.001416983
"224",0.015747863
"225",0.001996143
"226",-0.002228734
"227",-0.012721648
"228",0.013673894
"229",-0.00852845
"230",-0.003550338
"231",-0.004204546
"232",0.022693104
"233",0.009473344
"234",0.001731999
"235",-0.001748309
"236",-0.000266698
"237",0.001172649
"238",-0.000212873
"239",0.003540944
"240",0.001598488
"241",0.004198295
"242",-0.001661678
"243",0.003646553
"244",-0.000638289
"245",-0.001199128
"246",0.004794359
"247",0.002282989
"248",0.001211126
"249",-0.001595021
"250",0.001774964
"251",0.000850055
"252",-0.00135256
"253",0.000674157
"254",0.008053566
"255",0.001750503
"256",0.002712298
"257",-0.002182063
"258",-0.001927777
"259",-0.003195746
"260",0.002958525
"261",0.007159134
"262",-0.00200248
"263",0.004728943
"264",0.004288468
"265",-0.001067725
"266",-0.000210585
"267",0.004147921
"268",0.00915441
"269",-0.000277876
"270",0.000688809
"271",0.000366248
"272",-0.0138559
"273",0.00577057
"274",0.012464795
"275",0.000150295
"276",0.001684944
"277",0.002478029
"278",0.005745834
"279",0.005880832
"280",0.000550901
"281",-0.000865989
"282",0.003595444
"283",-0.000413039
"284",-0.003386871
"285",0.005032476
"286",0.002438909
"287",0.005935178
"288",-0.014402095
"289",-0.008762106
"290",-0.003079543
"291",0.005133214
"292",0.007904871
"293",-0.013767024
"294",0.000728169
"295",0.015861736
"296",-0.007204998
"297",-0.006561249
"298",0.010285302
"299",-0.000105616
"300",-0.018707755
"301",0.004988901
"302",-0.004254279
"303",-0.011484899
"304",-0.020422736
"305",0.01388839
"306",0.007128035
"307",0.015011211
"308",-0.001487172
"309",0.005607099
"310",0.006994862
"311",0.004110762
"312",-0.001858336
"313",0.006651146
"314",0.005831137
"315",-0.002500272
"316",0.004625853
"317",0.001883419
"318",-0.000494344
"319",0.002650466
"320",-0.00138892
"321",-0.002372412
"322",8.57e-05
"323",-0.009492709
"324",0.000604241
"325",0.001153954
"326",0.004613675
"327",-0.011363002
"328",0.0053403
"329",0.015227345
"330",0.00421167
"331",-0.002087828
"332",0.009254114
"333",0.007589284
"334",0.005700878
"335",0.003700488
"336",-0.000248209
"337",1.17e-05
"338",-0.006553162
"339",-0.010956834
"340",0.004336425
"341",0.003634813
"342",0.005966305
"343",-0.010213668
"344",0.005216903
"345",-0.00788993
"346",-0.003761577
"347",-0.00548199
"348",0.006458519
"349",0.003593947
"350",-0.007400072
"351",-0.010452354
"352",-0.002023203
"353",0.003111811
"354",0.000653476
"355",0.003129974
"356",0.010304958
"357",-0.022247817
"358",-0.003384001
"359",-0.007942984
"360",-0.005044728
"361",-0.001583991
"362",-0.001811738
"363",0.006259465
"364",-0.014223447
"365",8.87e-05
"366",0.010302095
"367",-0.014809472
"368",0.005400399
"369",0.003581553
"370",0.00633266
"371",0.009075036
"372",-0.00659063
"373",-0.004927461
"374",-0.009578417
"375",0.009131406
"376",0.012050495
"377",0.005966965
"378",0.012471632
"379",0.013567349
"380",-0.001025165
"381",0.004466984
"382",0.007403022
"383",-0.004897212
"384",-0.011964765
"385",-0.004708221
"386",0.003593709
"387",-0.004362147
"388",0.003426063
"389",-0.007577913
"390",0.016330816
"391",-0.001232164
"392",0.012130217
"393",-0.003398979
"394",-0.006967844
"395",-0.007266057
"396",-0.015898347
"397",-0.005075326
"398",-0.007914154
"399",-0.000885266
"400",-0.021913895
"401",0.002512958
"402",-0.043102031
"403",0.005352458
"404",-0.055463727
"405",0.039771129
"406",-0.046249089
"407",0.039493609
"408",0.011281205
"409",0.018979545
"410",-0.006703072
"411",0.000375267
"412",-0.036776701
"413",-0.015734355
"414",0.003420336
"415",0.029674781
"416",0.012879421
"417",-0.015095312
"418",0.012082681
"419",0.022571586
"420",0.001793894
"421",0.004634975
"422",-0.010329328
"423",-0.022039326
"424",-0.008981995
"425",0.02473769
"426",-0.010429456
"427",-0.026884278
"428",0.00627633
"429",0.004043848
"430",0.012685284
"431",0.016578082
"432",0.006639461
"433",-0.009390845
"434",0.000671027
"435",-0.02487762
"436",-0.035147451
"437",0.003507638
"438",0.025287135
"439",0.013295177
"440",-0.016066036
"441",0.012994403
"442",-0.021570827
"443",-0.023648043
"444",0.014397545
"445",0.012142081
"446",0.016762406
"447",-0.001816898
"448",0.029726741
"449",-0.001476394
"450",0.008982753
"451",-0.003535051
"452",0.014493681
"453",-0.021253849
"454",0.015798
"455",-0.006256317
"456",0.00323002
"457",0.023134192
"458",0.008877292
"459",-0.017375071
"460",0.013874194
"461",0.028604653
"462",0.00184793
"463",-0.022573632
"464",-0.024847308
"465",0.015275407
"466",0.017609748
"467",-0.005083619
"468",0.007105709
"469",0.008434434
"470",-0.031983033
"471",0.009584967
"472",0.021844828
"473",-0.006146222
"474",0.00142228
"475",-0.015754612
"476",-0.0113274
"477",0.002160417
"478",-0.021095898
"479",-0.004640894
"480",-0.020547736
"481",-0.002300626
"482",0.025940923
"483",0.002830868
"484",0.042407883
"485",-0.002129346
"486",-5.08e-05
"487",0.006523622
"488",0.004323073
"489",0.00380574
"490",-0.016289266
"491",0.015549611
"492",-0.013367256
"493",-0.005527582
"494",-0.010996287
"495",0.00383382
"496",-0.000203889
"497",-0.008438108
"498",0.02866844
"499",0.000343713
"500",0.005113271
"501",0.01021801
"502",-0.000215584
"503",-0.011385198
"504",0.011161658
"505",-0.005654777
"506",0.014718186
"507",0.001697136
"508",-0.000219007
"509",-0.004492721
"510",0.002651353
"511",0.005630682
"512",-0.001044699
"513",0.001732553
"514",-0.003925899
"515",0.004830982
"516",0.007761523
"517",0.003579812
"518",0.007644182
"519",-0.000916644
"520",-0.002602154
"521",0.006555794
"522",-0.001898269
"523",-0.00582427
"524",-0.000532385
"525",-0.001644542
"526",0.006613663
"527",-0.000868937
"528",0.012342798
"529",-0.001329519
"530",0.002574541
"531",0.000446491
"532",0.000505262
"533",-0.006922134
"534",0.005687701
"535",0.000329363
"536",-0.007557692
"537",0.00963386
"538",0.003548493
"539",0.001221658
"540",-0.002084001
"541",0.003556819
"542",-0.000134022
"543",-0.000110948
"544",0.001818768
"545",-0.004079148
"546",0.002179535
"547",-0.00021028
"548",-0.001137404
"549",-0.015711037
"550",0.006127343
"551",0.005500392
"552",0.001090732
"553",0.00291676
"554",0.016819028
"555",0.00124604
"556",0.004445939
"557",-0.001519657
"558",0.000491948
"559",-0.00520725
"560",-0.00346011
"561",-0.005979637
"562",0.002651422
"563",0.012300492
"564",-0.003315258
"565",-0.005419152
"566",0.001493984
"567",0.005037322
"568",0.003969879
"569",-0.00489581
"570",-0.009454853
"571",-0.001117448
"572",-0.00999605
"573",-0.016524898
"574",0.007035267
"575",0.014149544
"576",-0.0105486
"577",0.005589308
"578",0.015023893
"579",-0.006312362
"580",-0.005267529
"581",0.0050262
"582",-0.007835429
"583",0.005754519
"584",0.006857651
"585",0.00870085
"586",0.001794028
"587",-0.001109718
"588",0.004971414
"589",-0.000809529
"590",-0.004671224
"591",-0.012745176
"592",-0.002280921
"593",-0.005876177
"594",-0.007503062
"595",0.00155671
"596",-0.002679138
"597",-0.009769434
"598",-0.004989985
"599",-0.002648052
"600",-0.012387106
"601",-0.005875862
"602",0.010922179
"603",-0.000133624
"604",-0.000532615
"605",0.002688797
"606",-0.005979363
"607",0.010105345
"608",-0.012783883
"609",-0.002126446
"610",-0.022179448
"611",-0.001411912
"612",0.002189011
"613",0.02365114
"614",0.003718945
"615",0.007482588
"616",-0.011388199
"617",0.013098567
"618",-0.006157242
"619",0.012446026
"620",0.009110068
"621",-0.001985531
"622",0.007495771
"623",-0.001008031
"624",-0.019557994
"625",0.005345336
"626",-0.01092655
"627",0.002560236
"628",0.007366755
"629",-0.001960084
"630",0.022046052
"631",-0.000675476
"632",0.005614818
"633",-0.003630367
"634",-0.009630408
"635",-0.002832631
"636",-0.006530153
"637",-0.003840147
"638",-0.00248012
"639",0.016210606
"640",-0.003903853
"641",0.006154536
"642",0.0080559
"643",0.002685023
"644",-0.009332201
"645",-0.007885342
"646",-0.00818614
"647",0.004654672
"648",0.016714977
"649",0.014566379
"650",-0.000202696
"651",-0.004920831
"652",-0.002502161
"653",-0.00749453
"654",0.016871812
"655",0.001629472
"656",0.003894782
"657",0.000534608
"658",-0.000793071
"659",0.003247941
"660",-0.002916464
"661",0.000205777
"662",-0.000558708
"663",0.006481694
"664",0.001893557
"665",-0.00026821
"666",-0.005128196
"667",-0.002334239
"668",-0.008752897
"669",0.007697498
"670",-0.002530771
"671",-0.001651827
"672",0.000342688
"673",-0.008145769
"674",0.006932689
"675",-0.004193727
"676",0.000885248
"677",0.018740747
"678",0.001101388
"679",-0.003934097
"680",0.005211167
"681",0.000749755
"682",0.015488287
"683",0.003952017
"684",-0.002962511
"685",0.000851469
"686",0.000981988
"687",0.001397097
"688",-0.001284111
"689",-0.0015133
"690",-0.007476268
"691",-0.003272515
"692",0.005402014
"693",-0.00362153
"694",0.005803358
"695",-0.002423214
"696",0.000908595
"697",0.00598387
"698",0.002562734
"699",-0.001947076
"700",-0.008106813
"701",-0.009541712
"702",-0.001392291
"703",0.000184593
"704",0.007155971
"705",0.009501461
"706",0.000385169
"707",-0.000594495
"708",-0.01516212
"709",0.000178355
"710",-0.018234781
"711",-0.001922562
"712",0.002014159
"713",0.000269411
"714",-0.000820159
"715",0.010396715
"716",-0.010539104
"717",0.001472545
"718",0.010161286
"719",-0.023626513
"720",-0.009387821
"721",0.000317636
"722",-2.42e-05
"723",-0.004596178
"724",-0.014520765
"725",-0.002272725
"726",0.003661959
"727",0.016495494
"728",-0.00058223
"729",0.003783074
"730",0.013448789
"731",-0.003240713
"732",-0.006881907
"733",0.008307143
"734",0.002827081
"735",0.000288728
"736",-0.004604821
"737",-0.001065846
"738",0.006385992
"739",0.003034243
"740",0.006202355
"741",0.001121236
"742",0.005965168
"743",-0.000225705
"744",-0.005641973
"745",-0.002711314
"746",0.007642163
"747",0.008731916
"748",-0.007414466
"749",0.004508764
"750",-0.009080711
"751",-0.003935318
"752",-0.001852498
"753",-0.001393888
"754",-0.012079679
"755",0.012832577
"756",0.023535323
"757",-0.001579823
"758",0.00327447
"759",-0.003790035
"760",-0.004142202
"761",0.004626067
"762",0.0060274
"763",0.001277535
"764",0.001400506
"765",0.002041066
"766",-0.001748014
"767",0.006275451
"768",0.003948263
"769",0.004579571
"770",0.004894916
"771",0.003338334
"772",0.005110214
"773",-0.00101114
"774",0.005221913
"775",-0.003153123
"776",-0.003582914
"777",0.010765059
"778",-0.009258523
"779",0.007148354
"780",0.000516458
"781",-0.003036476
"782",0.003508301
"783",-0.001552886
"784",0.003396976
"785",-0.002553021
"786",-0.000680867
"787",0.000599004
"788",0.003855749
"789",-0.007703935
"790",-0.003368859
"791",0.008641559
"792",-0.015456541
"793",0.008412546
"794",0.012607093
"795",-0.001483434
"796",0.002502398
"797",0.00270838
"798",0.008914979
"799",0.002979612
"800",0.002325786
"801",0.004716154
"802",0.003488191
"803",0.000191699
"804",0.000361293
"805",0.005801297
"806",-0.001721511
"807",-0.004275204
"808",0.000260222
"809",0.003867657
"810",-0.006218434
"811",0.006278133
"812",-0.004429447
"813",0.007745178
"814",-0.002300209
"815",0.0036059
"816",-0.000390329
"817",0.006118238
"818",-0.007615611
"819",0.003832261
"820",-0.002797483
"821",0.003311338
"822",0.004104395
"823",0.008776408
"824",0.004249317
"825",-5.39e-06
"826",-0.017884851
"827",0.010793747
"828",-0.009364538
"829",-0.005571686
"830",0.000713353
"831",0.001351445
"832",0.010454333
"833",-0.002932183
"834",0.001669358
"835",0.000799276
"836",0.007218341
"837",0.001420485
"838",-0.009356569
"839",0.008885812
"840",0.009599778
"841",-0.000338609
"842",0.0058328
"843",0.003249155
"844",-0.001489561
"845",0.002378242
"846",-0.001773361
"847",0.008187976
"848",0.003972359
"849",-0.00278028
"850",0.007955026
"851",-0.001245253
"852",0.003410424
"853",-0.005225653
"854",-0.000827712
"855",0.000562268
"856",0.006945654
"857",-0.006917201
"858",0.001420032
"859",-0.013635652
"860",0.009160088
"861",-0.005014428
"862",-0.014294161
"863",0.005349406
"864",0.013795974
"865",-0.000625013
"866",-0.007649678
"867",-0.0083844
"868",0.012060475
"869",-0.006978112
"870",0.00727728
"871",0.009116089
"872",-0.013450642
"873",-0.023416203
"874",0.00278352
"875",-0.009449087
"876",0.006872648
"877",0.010150876
"878",0.007669317
"879",-0.00764689
"880",0.004383776
"881",-0.002841397
"882",0.00374755
"883",0.009838944
"884",0.005870212
"885",0.004968864
"886",-0.000567287
"887",0.011068763
"888",0.000218608
"889",0.001290712
"890",-0.002093103
"891",0.001208265
"892",0.005043173
"893",-0.000308698
"894",0.000116418
"895",0.001427446
"896",-0.001638003
"897",0.000860244
"898",0.000206982
"899",-0.002369095
"900",-8.89e-05
"901",-0.00135625
"902",0.008289245
"903",0.001941437
"904",-0.002952446
"905",-0.005981865
"906",-0.003097565
"907",0.001787278
"908",-0.004697964
"909",-0.00037795
"910",0.002031824
"911",-0.007336065
"912",-0.014700399
"913",-0.002032843
"914",-0.004689828
"915",-0.000516297
"916",-0.007027961
"917",0.004443041
"918",0.003125524
"919",-0.004266997
"920",-0.011396015
"921",0.003274192
"922",0.001109003
"923",-0.0020646
"924",0.001596887
"925",0.006532993
"926",0.000442731
"927",-0.001002878
"928",0.009423362
"929",0.008493556
"930",0.008922356
"931",-0.001693785
"932",0.004929201
"933",0.00772114
"934",0.002255611
"935",0.009479235
"936",-0.002576435
"937",-0.01186067
"938",-0.003217246
"939",-0.004336627
"940",-0.00399946
"941",0.003603686
"942",-0.004570603
"943",-0.008426287
"944",0.004099909
"945",-0.003854772
"946",-0.009030458
"947",0.005074498
"948",-0.009045554
"949",-0.010692782
"950",0.001790014
"951",0.021825999
"952",0.007340971
"953",0.004210077
"954",-0.008708433
"955",0.013569368
"956",-0.000141779
"957",0.001821535
"958",-0.00048379
"959",0.00490248
"960",-0.003512495
"961",0.006220582
"962",0.00393768
"963",-8.67e-05
"964",0.007156556
"965",-0.003927836
"966",-0.004674492
"967",0.004489961
"968",0.001509413
"969",-0.001336417
"970",0.008237825
"971",-0.009709823
"972",0.01076055
"973",0.001352597
"974",-0.00205471
"975",0.004505203
"976",0.00345033
"977",0.005384183
"978",0.000897106
"979",-0.000562672
"980",-0.004146667
"981",0.006865679
"982",0.00342157
"983",0.000483699
"984",1.62e-05
"985",0.001526198
"986",-0.000678369
"987",-0.004826473
"988",-0.005881115
"989",-0.001561494
"990",-0.004295831
"991",0.012558247
"992",0.00033271
"993",-0.003269807
"994",-0.008113601
"995",-0.006570542
"996",0.00101215
"997",0.008201016
"998",-0.000586138
"999",0.018438121
"1000",0.000687183
"1001",0.002599627
"1002",0.004529318
"1003",0.003862593
"1004",0.007478568
"1005",-8.92e-05
"1006",0.001570474
"1007",0.004384987
"1008",-0.008162715
"1009",0.001741987
"1010",-0.002725601
"1011",0.006443787
"1012",-0.00412555
"1013",-0.001092192
"1014",-0.000468781
"1015",-0.010896745
"1016",0.00713005
"1017",0.00660071
"1018",-0.003939445
"1019",0.002530959
"1020",-0.002680738
"1021",-0.002503869
"1022",-0.010748585
"1023",-0.019647613
"1024",-0.002596523
"1025",0.005725494
"1026",-0.011913791
"1027",0.006977685
"1028",-0.009449456
"1029",-0.020769025
"1030",0.004712247
"1031",-0.000324357
"1032",0.012195401
"1033",0.010592794
"1034",0.000488155
"1035",0.012212508
"1036",-0.001927449
"1037",0.003987074
"1038",0.007911346
"1039",-0.001484999
"1040",-0.005569658
"1041",0.005777286
"1042",-0.001855218
"1043",0.006448358
"1044",-0.001695518
"1045",0.001158862
"1046",0.00458318
"1047",0.003014848
"1048",-0.009415661
"1049",0.014092662
"1050",-0.002177448
"1051",0.003772021
"1052",0.001877377
"1053",-0.00206902
"1054",-0.004106889
"1055",-0.000683123
"1056",-0.014148672
"1057",-0.002682974
"1058",0.011300481
"1059",0.005476057
"1060",-0.006979627
"1061",0.006711795
"1062",-0.001731687
"1063",-0.001599673
"1064",0.005602457
"1065",-0.00604169
"1066",-0.000292567
"1067",0.003617085
"1068",0.008246039
"1069",0.004554063
"1070",0.002443088
"1071",-2.71e-05
"1072",-0.009644855
"1073",-0.010165342
"1074",0.000632132
"1075",0.011136718
"1076",-0.016241227
"1077",-0.008872466
"1078",0.009140358
"1079",0.005522662
"1080",0.009979366
"1081",-0.000993041
"1082",0.002481082
"1083",0.003958791
"1084",-0.000770163
"1085",0
"1086",-0.00849554
"1087",0.005334504
"1088",0.005266598
"1089",0.002749906
"1090",-0.001325066
"1091",-0.00277667
"1092",0.001069477
"1093",-0.00783587
"1094",0.00716538
"1095",0.001963348
"1096",0.001955725
"1097",0.006761657
"1098",0.001196058
"1099",-0.006070361
"1100",-0.010061421
"1101",0.002705692
"1102",0.00124604
"1103",-0.008330364
"1104",0.009695125
"1105",0.00060603
"1106",0.003819691
"1107",0.004168936
"1108",-0.002537874
"1109",0.003941552
"1110",0.001103657
"1111",0.00158286
"1112",-0.001271589
"1113",0.000908333
"1114",0.005889763
"1115",0.005236954
"1116",0.00111203
"1117",0.000166458
"1118",-0.006021453
"1119",-0.006512241
"1120",0.002482987
"1121",0.000314116
"1122",0.001637593
"1123",0.005838056
"1124",0.000877869
"1125",0.001514003
"1126",-0.000579469
"1127",-0.007033541
"1128",0.002936052
"1129",-0.001267461
"1130",0.00033889
"1131",-0.001497773
"1132",0.007694407
"1133",0.00118954
"1134",0.00542049
"1135",-0.002580745
"1136",-0.006907327
"1137",0.004672148
"1138",-0.004152872
"1139",0.00169909
"1140",0.006587029
"1141",0.000308393
"1142",0.004543754
"1143",-0.009416898
"1144",0.007266921
"1145",-0.002833258
"1146",0.00362477
"1147",-0.001572334
"1148",-0.000165631
"1149",-0.007213293
"1150",0.001298278
"1151",-0.00415016
"1152",-0.001877353
"1153",-0.018782692
"1154",-0.004222084
"1155",0.004602465
"1156",-0.00843782
"1157",0.000844162
"1158",-0.004565393
"1159",0.011342687
"1160",0.000969605
"1161",-0.00056979
"1162",0.005510794
"1163",0.003710067
"1164",-0.003031662
"1165",0.010552183
"1166",0.004801405
"1167",0.003519058
"1168",0.003554915
"1169",-0.002245932
"1170",0.004449589
"1171",0.001746812
"1172",0.000895003
"1173",-0.002478649
"1174",0.00110535
"1175",-0.001806519
"1176",0.000628019
"1177",-0.000509373
"1178",0.003970765
"1179",-0.00151362
"1180",-0.005700917
"1181",0.003223358
"1182",-0.001154799
"1183",-0.003606677
"1184",0.002568408
"1185",0.005920336
"1186",0.001452192
"1187",0.006361344
"1188",0.000796363
"1189",-0.006195727
"1190",-0.006802115
"1191",0.009040372
"1192",-0.015354959
"1193",0.00987558
"1194",-0.002450144
"1195",-0.001658951
"1196",-0.013975875
"1197",-0.000217805
"1198",0.012418192
"1199",-0.001045245
"1200",-0.016038193
"1201",0.016437805
"1202",-0.01971086
"1203",-0.006912099
"1204",-0.013480897
"1205",-0.000360263
"1206",-0.010631209
"1207",-0.001517804
"1208",0.016328473
"1209",0.00117578
"1210",0.013118595
"1211",-0.009238157
"1212",0.013156908
"1213",0.007645433
"1214",0.000745551
"1215",0.011167275
"1216",-0.001848754
"1217",0.013026118
"1218",0.011346022
"1219",-0.001396123
"1220",0.001013438
"1221",0.00579213
"1222",0.004000188
"1223",0.001108492
"1224",0.002265318
"1225",6.59e-05
"1226",-0.000153346
"1227",0.002304644
"1228",-0.001022435
"1229",0.000737735
"1230",0.002270562
"1231",-0.000118152
"1232",0.001881151
"1233",0.005139147
"1234",0.000440192
"1235",-0.000166178
"1236",0.00071909
"1237",2.75e-05
"1238",-0.002885279
"1239",0.005780005
"1240",0.001849507
"1241",-0.000698922
"1242",0.003278722
"1243",-0.005919586
"1244",-0.0028725
"1245",-0.015057908
"1246",0.003603999
"1247",-0.01793042
"1248",-0.005786194
"1249",-0.006517184
"1250",0.016872823
"1251",0.02427173
"1252",0.001499053
"1253",0.008685223
"1254",0.003604259
"1255",0.000335162
"1256",0.001303368
"1257",-0.000857467
"1258",-0.003057958
"1259",-0.008897257
"1260",0.000556578
"1261",-0.018580162
"1262",-0.007428429
"1263",0.012254393
"1264",0.018388311
"1265",-0.009520954
"1266",-0.005442143
"1267",-0.001539618
"1268",-0.010593462
"1269",-0.006104227
"1270",0.011019142
"1271",0.000209014
"1272",0.002229421
"1273",0.01479418
"1274",-0.007936511
"1275",0.000345145
"1276",-0.016488107
"1277",-0.011263554
"1278",0.013115911
"1279",-0.014463028
"1280",0.011423852
"1281",0.017588885
"1282",0.000374674
"1283",0.01198784
"1284",-0.003387878
"1285",-0.005334189
"1286",0.007871125
"1287",-0.000370431
"1288",0.006171726
"1289",0.002613385
"1290",0.001566675
"1291",-0.000982429
"1292",-0.002444839
"1293",0.008599572
"1294",-0.001300939
"1295",0.005097446
"1296",0.000844676
"1297",-0.000556962
"1298",-0.004486594
"1299",0.008599472
"1300",-0.004662007
"1301",-0.005848849
"1302",0.002145136
"1303",-0.015380773
"1304",0.007780877
"1305",-0.018492244
"1306",-0.001559697
"1307",0.014733446
"1308",-0.008153582
"1309",0.012851732
"1310",-0.007138947
"1311",0.01272387
"1312",-0.006481463
"1313",0.00938921
"1314",-0.000640531
"1315",-0.005790363
"1316",-0.016245588
"1317",-0.002274939
"1318",0.001947575
"1319",0.014884856
"1320",-0.011136401
"1321",-0.004384503
"1322",0.003676115
"1323",0.006620942
"1324",-0.000303659
"1325",0.00151548
"1326",0.003140381
"1327",0.00550818
"1328",-0.004464109
"1329",0.003318686
"1330",0.00420865
"1331",-0.000377629
"1332",-0.015435342
"1333",0.011703432
"1334",-0.00473192
"1335",0.004940485
"1336",0.001132033
"1337",0.001187859
"1338",-0.002332389
"1339",0.004001
"1340",-0.004119865
"1341",-0.010812534
"1342",0.010287874
"1343",0.002570999
"1344",-0.007869287
"1345",-0.004809114
"1346",0.004600391
"1347",0.014898902
"1348",-0.004724256
"1349",-0.002040271
"1350",-0.000428389
"1351",0.010617098
"1352",0.001113305
"1353",0.001440428
"1354",0.000738284
"1355",-0.001473878
"1356",1.86e-05
"1357",-0.002937847
"1358",-0.010447579
"1359",0.006731752
"1360",-0.002030012
"1361",-0.00636868
"1362",0.001648436
"1363",-0.001575893
"1364",0.003571524
"1365",-0.009442737
"1366",-0.00313417
"1367",-0.004644967
"1368",-0.000141373
"1369",0.013305607
"1370",0.002164882
"1371",-0.007790145
"1372",-0.006015469
"1373",0.006368921
"1374",0.001745919
"1375",0.010041381
"1376",-0.005513994
"1377",0.005763231
"1378",0.00134058
"1379",-0.009810368
"1380",-0.004214107
"1381",0.003148082
"1382",-0.019520607
"1383",0.001316191
"1384",0.007854951
"1385",-0.001565544
"1386",-0.00262431
"1387",0.005277782
"1388",-0.014709544
"1389",0.001895428
"1390",0.012068814
"1391",0.012233362
"1392",0.004221924
"1393",-0.000188891
"1394",0.003882516
"1395",-0.00186536
"1396",0.0007719
"1397",-0.010006463
"1398",-0.003808745
"1399",-0.006672953
"1400",-0.009214491
"1401",-0.007282309
"1402",0.010875761
"1403",0.006870065
"1404",-0.000304774
"1405",-0.003162468
"1406",-0.005181508
"1407",-0.002699695
"1408",-0.000582242
"1409",-0.00688241
"1410",-0.002661872
"1411",0.013917214
"1412",-0.012053819
"1413",-1.9e-05
"1414",0.000329851
"1415",0.003972277
"1416",0.003878111
"1417",-0.001928726
"1418",-0.009285947
"1419",-0.02063788
"1420",-0.031248847
"1421",-0.035747833
"1422",-0.012910634
"1423",0.039515635
"1424",0.02267413
"1425",-0.00070609
"1426",-0.006908634
"1427",-0.028417162
"1428",0.018247845
"1429",0.001429842
"1430",-0.01663413
"1431",0.024238641
"1432",-0.014497909
"1433",0.004726966
"1434",0.006288239
"1435",-0.003780779
"1436",0.013981443
"1437",0.008439812
"1438",-0.003895411
"1439",-0.01740118
"1440",0.007666316
"1441",-0.010885382
"1442",-0.003097283
"1443",-0.004826159
"1444",0.006996319
"1445",-0.019171719
"1446",0.002952166
"1447",0.014678074
"1448",-0.000779285
"1449",0.01231313
"1450",0.018458823
"1451",0.000820184
"1452",0.007272081
"1453",0.008187002
"1454",0.001978812
"1455",0.00277264
"1456",-0.002916715
"1457",-0.009199252
"1458",0.01282146
"1459",0.004329821
"1460",0.000846212
"1461",-0.000779412
"1462",-0.002816965
"1463",0.018670748
"1464",0.009007812
"1465",-0.001340105
"1466",-0.002361742
"1467",0.011266993
"1468",-0.001334049
"1469",-0.005196145
"1470",0.009353771
"1471",0.005013844
"1472",-0.002822295
"1473",-0.000232286
"1474",0.002625498
"1475",-0.010041669
"1476",0.001564
"1477",-0.003152921
"1478",-0.014356978
"1479",-0.011624786
"1480",0.013787545
"1481",0.000371231
"1482",0.014160505
"1483",-0.000248639
"1484",0.005135162
"1485",-0.001746588
"1486",0.001096505
"1487",6.74e-05
"1488",0
"1489",-0.005247216
"1490",0.009505104
"1491",-0.008870015
"1492",-0.014214006
"1493",0.021167635
"1494",-0.006562277
"1495",-0.009165544
"1496",-0.004308926
"1497",0.004713458
"1498",-0.017612715
"1499",0.005982496
"1500",0.009005392
"1501",0.012792059
"1502",-0.014268337
"1503",-0.020992937
"1504",0.007184984
"1505",0.00960202
"1506",0.010641154
"1507",-0.002865453
"1508",-0.001361677
"1509",0.010994293
"1510",-0.006608626
"1511",-0.010159121
"1512",-0.015844441
"1513",0.00056684
"1514",-0.014695226
"1515",-0.023210595
"1516",-0.010151896
"1517",0.003188467
"1518",0.00717443
"1519",-0.022088016
"1520",0.014094104
"1521",-0.02387011
"1522",0.001747518
"1523",-0.015564373
"1524",0.007353419
"1525",0.013274213
"1526",-0.012942487
"1527",0.017753027
"1528",-0.013779139
"1529",0.007850983
"1530",0.024683885
"1531",-0.001039766
"1532",-0.017972911
"1533",0.011336222
"1534",0.00489206
"1535",-0.012890039
"1536",-0.010979343
"1537",-0.000790534
"1538",-0.006221886
"1539",-0.015995269
"1540",0.020029154
"1541",0.013933426
"1542",0.015893641
"1543",-0.002455379
"1544",-0.001306214
"1545",0.013950101
"1546",-0.011364221
"1547",0.003238294
"1548",0.012878311
"1549",-0.003432794
"1550",-0.007420127
"1551",0.02110496
"1552",0.002030244
"1553",0.002637981
"1554",0.003710429
"1555",0.003950173
"1556",-0.006433755
"1557",0.002137441
"1558",-0.000307553
"1559",0.012837776
"1560",0.000919074
"1561",0.001300033
"1562",0.004302834
"1563",0.008988377
"1564",0.006910769
"1565",0.001225315
"1566",-0.002343346
"1567",-0.00454885
"1568",0.000750782
"1569",0.001122429
"1570",0.005572659
"1571",0.00473829
"1572",-0.001781956
"1573",0.006087623
"1574",-0.003133299
"1575",-0.00753677
"1576",0.006403932
"1577",-0.009826673
"1578",0.001995216
"1579",-0.001169189
"1580",0.009389154
"1581",0.010553956
"1582",0.00101352
"1583",-0.00161598
"1584",0.005961696
"1585",0.002746002
"1586",0.002363513
"1587",-0.006285826
"1588",0.001180617
"1589",-0.001472458
"1590",0.000727591
"1591",0.002847668
"1592",-0.011683642
"1593",-0.003203405
"1594",0.006612012
"1595",-0.007839067
"1596",-0.005613819
"1597",0.000535439
"1598",0.004525295
"1599",-0.001957129
"1600",0.012563006
"1601",-0.01211659
"1602",0.000529659
"1603",-0.010450026
"1604",0.010002134
"1605",-0.010204586
"1606",-0.000191747
"1607",-0.005204583
"1608",0.003758965
"1609",-0.000457676
"1610",0.01218327
"1611",0.008215213
"1612",-0.00130077
"1613",0.002520244
"1614",-0.00481287
"1615",0.000138903
"1616",0.002748259
"1617",-0.001765838
"1618",0.006360934
"1619",0.001001612
"1620",0.00372229
"1621",-0.001103098
"1622",-0.006663795
"1623",-0.007436711
"1624",-0.003251669
"1625",-0.001960438
"1626",0.005268072
"1627",-0.003267305
"1628",0.00733849
"1629",0.001396322
"1630",-0.002742632
"1631",0.01294879
"1632",-0.033885844
"1633",-0.01497118
"1634",0.015722094
"1635",0.016367809
"1636",0.013298378
"1637",0.00108081
"1638",-0.006058709
"1639",0.004372046
"1640",-0.001268975
"1641",0.014017716
"1642",0.004418945
"1643",0.006624277
"1644",0.001332552
"1645",0.007309501
"1646",0.000547952
"1647",0.000891095
"1648",0.001400686
"1649",0.001940811
"1650",-0.004183851
"1651",0.002895635
"1652",-0.004188772
"1653",-0.001044205
"1654",-8.55e-05
"1655",-0.00085644
"1656",-0.001306292
"1657",-0.001504455
"1658",-0.004930326
"1659",0.002251337
"1660",-0.000160677
"1661",0.01043363
"1662",-0.000767935
"1663",0.000203015
"1664",-0.002017511
"1665",0.006372272
"1666",-0.001990426
"1667",0.003207287
"1668",-0.00450907
"1669",0.001181538
"1670",0.001279199
"1671",-0.002426585
"1672",-0.001247827
"1673",0.000964998
"1674",-0.003548781
"1675",-0.001789376
"1676",-0.002873406
"1677",0.005848736
"1678",-0.002631437
"1679",-0.002894714
"1680",0.001001035
"1681",0.003944784
"1682",0.002496123
"1683",-0.000646156
"1684",-0.002495418
"1685",-0.021345393
"1686",0.013249386
"1687",-0.014096552
"1688",-0.001770128
"1689",0.009853796
"1690",-0.004869171
"1691",-0.000200337
"1692",0.000540338
"1693",0.009031364
"1694",0.005398674
"1695",-0.007123121
"1696",-0.009124092
"1697",0.007376179
"1698",0.006086111
"1699",-0.01067607
"1700",0.009077721
"1701",-0.002965935
"1702",-0.004678487
"1703",0.006196461
"1704",-0.000685372
"1705",-0.001533227
"1706",0.00485452
"1707",0.000857155
"1708",-0.002494448
"1709",0.002179211
"1710",-0.002865772
"1711",0.004176567
"1712",0.002239832
"1713",-0.002212293
"1714",-0.000916108
"1715",0.004260972
"1716",-0.0029501
"1717",0.001654472
"1718",-0.001629202
"1719",-0.000467275
"1720",-0.001033497
"1721",-0.005805197
"1722",-0.004294426
"1723",-0.0016131
"1724",-0.002364141
"1725",0.020757743
"1726",0.004005599
"1727",0.014015865
"1728",0.011737227
"1729",0.002115033
"1730",0.002881551
"1731",-0.002902275
"1732",0.001891002
"1733",-0.001898591
"1734",0.004704266
"1735",0.003543851
"1736",0.003117691
"1737",0.003613703
"1738",-0.002832072
"1739",0.001240933
"1740",0.000103572
"1741",0.003574101
"1742",-0.001120771
"1743",0.002390157
"1744",0.001849429
"1745",0.01547077
"1746",0.003334664
"1747",0.007241419
"1748",0.00200336
"1749",0.005798078
"1750",-0.005960544
"1751",0.003016842
"1752",-0.00044479
"1753",0.001998164
"1754",0.004604854
"1755",-0.001634985
"1756",-0.001157363
"1757",0.000749524
"1758",0.00056329
"1759",-0.005583312
"1760",-0.000700848
"1761",-0.002884981
"1762",0.006029579
"1763",0.00303798
"1764",-0.002149772
"1765",0.003241911
"1766",-0.003827924
"1767",-0.001601597
"1768",0.004973426
"1769",-0.003171214
"1770",-0.00026492
"1771",-0.002964987
"1772",-0.001112074
"1773",-0.00365167
"1774",0.004806795
"1775",-0.001381956
"1776",0.00570011
"1777",0.007824089
"1778",0.001614489
"1779",-0.000354753
"1780",-0.006103801
"1781",-0.005359787
"1782",0.001351666
"1783",-0.000303118
"1784",0.009381525
"1785",-0.000948661
"1786",0.001888507
"1787",-0.001789383
"1788",0.005887032
"1789",0.004807001
"1790",0.00704467
"1791",0.004519365
"1792",0.005240298
"1793",0.000383767
"1794",0.000207628
"1795",0.0057675
"1796",0.001571596
"1797",0.001671225
"1798",0.000549701
"1799",0.000753043
"1800",-0.001209324
"1801",0.014573662
"1802",-0.005331619
"1803",0.000130469
"1804",-0.002445577
"1805",-0.001411644
"1806",-0.003298929
"1807",0.000117904
"1808",0.002147407
"1809",-0.001028561
"1810",-0.002112462
"1811",0.005410014
"1812",-0.000742184
"1813",-0.000952093
"1814",-0.000418835
"1815",-0.011377174
"1816",-0.000324607
"1817",-0.00022848
"1818",-0.002897836
"1819",-0.002220753
"1820",0.007324202
"1821",-0.002037518
"1822",0.003348122
"1823",-0.003148784
"1824",-0.00062961
"1825",0.001890019
"1826",-0.001986049
"1827",0.000716714
"1828",-0.000331492
"1829",9.29e-05
"1830",-0.000325237
"1831",-0.002878337
"1832",-0.00673127
"1833",0.008979987
"1834",-0.005506666
"1835",-0.005788016
"1836",0.008538351
"1837",-0.001504038
"1838",0.010518463
"1839",0.011184249
"1840",-0.00100158
"1841",0.000297507
"1842",-0.001945554
"1843",-0.001291699
"1844",0.001741925
"1845",0.00038233
"1846",-0.000306791
"1847",0.002647487
"1848",0.000254194
"1849",-0.00173708
"1850",-0.001557507
"1851",-0.001131134
"1852",-0.001090401
"1853",0.004083441
"1854",-0.000104349
"1855",-0.017770484
"1856",0.002721892
"1857",0.006863484
"1858",0.004325447
"1859",0.002061758
"1860",0.003558606
"1861",0.003356553
"1862",-0.000126639
"1863",-0.002410243
"1864",-0.000990054
"1865",0.006451119
"1866",0.002937422
"1867",-0.001049217
"1868",-0.002256821
"1869",0.001772264
"1870",0.000417492
"1871",0.004222414
"1872",-0.001706508
"1873",0.004370043
"1874",0.002160954
"1875",-0.000685869
"1876",0.00114134
"1877",0.006767165
"1878",-0.002872852
"1879",-0.002660407
"1880",-0.000595059
"1881",-0.000118206
"1882",0.000691338
"1883",-0.004618996
"1884",0.006754799
"1885",-0.007810913
"1886",0.002940831
"1887",0.006072174
"1888",-5.12e-05
"1889",-0.007362399
"1890",0.004423105
"1891",-0.000271795
"1892",2.57e-05
"1893",0.005748513
"1894",0.000972928
"1895",0.003927529
"1896",-0.000370627
"1897",-0.002542346
"1898",0.00306004
"1899",-0.001338711
"1900",-0.001467208
"1901",-0.003100101
"1902",0.00466039
"1903",0.004514789
"1904",0.003939983
"1905",0.001548858
"1906",0.002785512
"1907",0.003325585
"1908",0.002382103
"1909",0.000447823
"1910",0.003028722
"1911",0.001159172
"1912",-0.00149559
"1913",-0.001659047
"1914",-0.009283516
"1915",0.000655125
"1916",0.006194009
"1917",0.000240037
"1918",0.001176368
"1919",-0.012446779
"1920",-0.003504282
"1921",0.001349061
"1922",0.009037177
"1923",-0.004009188
"1924",-0.001315301
"1925",0.001389569
"1926",-0.00024157
"1927",0.002612239
"1928",0.001237598
"1929",0.002542885
"1930",0.00179792
"1931",-0.010653751
"1932",0.002497554
"1933",-0.001048317
"1934",0.000597195
"1935",0.011908551
"1936",0.002787741
"1937",0.001777683
"1938",0.002044427
"1939",0.002921135
"1940",0.002829567
"1941",0.001766627
"1942",0.001868018
"1943",-0.002380777
"1944",-0.00043117
"1945",-0.00239378
"1946",-0.000527874
"1947",0.002530507
"1948",0.001812309
"1949",0.001067442
"1950",0.006806925
"1951",0.003726918
"1952",0.000882033
"1953",0.005019495
"1954",-7.56e-05
"1955",-0.000553253
"1956",0.003058265
"1957",0.001848869
"1958",-0.001393827
"1959",0.001344553
"1960",0.003726883
"1961",0.001763235
"1962",0.00696426
"1963",0.000234889
"1964",0.007148967
"1965",-0.002343469
"1966",0.007209724
"1967",-0.004790546
"1968",0.003060441
"1969",0.00142431
"1970",-0.003646348
"1971",0.001220623
"1972",0.002471187
"1973",0.003467035
"1974",0.000975057
"1975",0.000392132
"1976",0.000374146
"1977",0.000260171
"1978",-0.004304137
"1979",-0.001693318
"1980",0.000746654
"1981",-0.001289629
"1982",-0.005903226
"1983",0.008039097
"1984",-0.004267952
"1985",0.00308627
"1986",0.006850096
"1987",-0.002740488
"1988",0.001352134
"1989",0.00096736
"1990",0.0108534
"1991",0.004361707
"1992",0.013853822
"1993",-0.001679267
"1994",0.002412592
"1995",-0.00450432
"1996",-0.001643069
"1997",0.002923266
"1998",0.004860491
"1999",0.002337489
"2000",0.004870472
"2001",0.003290331
"2002",-0.003122562
"2003",0.00583794
"2004",0.005697731
"2005",-0.001510524
"2006",-0.00113512
"2007",0.00225015
"2008",-0.00113906
"2009",-0.000317104
"2010",0.001135117
"2011",0.002551393
"2012",-0.004762517
"2013",0.004239173
"2014",0.003974778
"2015",0.006116965
"2016",0.008803076
"2017",-0.000508745
"2018",0.004066004
"2019",-0.000656663
"2020",0.008104322
"2021",0.008932997
"2022",-0.000400341
"2023",0.012514743
"2024",-0.003746407
"2025",0.002072048
"2026",0.005480225
"2027",-0.00014454
"2028",0.001576014
"2029",0.005358422
"2030",0.008484207
"2031",-0.006658616
"2032",-0.013713955
"2033",0.002780239
"2034",0.001427196
"2035",-0.0254232
"2036",-0.046048851
"2037",0.023290288
"2038",-0.000779517
"2039",-0.041492555
"2040",0.013848829
"2041",0.016963781
"2042",0.001592588
"2043",0.010269334
"2044",0.012327677
"2045",0.000754422
"2046",-0.010096634
"2047",-0.006688259
"2048",0.006641771
"2049",0.013921283
"2050",0.015775561
"2051",-0.011639391
"2052",-0.014987392
"2053",-0.016789141
"2054",-0.002881872
"2055",0.013721509
"2056",0.00037626
"2057",-0.003325807
"2058",0.00378413
"2059",0.017695343
"2060",-0.006201945
"2061",-0.006814518
"2062",-0.009953608
"2063",0.004666793
"2064",0.002928785
"2065",-0.013452768
"2066",0.004727959
"2067",-0.001818194
"2068",-0.029349761
"2069",-0.017726578
"2070",0.028444938
"2071",-0.014250067
"2072",-0.000389435
"2073",0.010679511
"2074",-0.019039864
"2075",0.016459432
"2076",0.009609202
"2077",0.009928987
"2078",-0.023360775
"2079",0.001936252
"2080",0.017886426
"2081",-0.008954063
"2082",0.012137588
"2083",-0.005020214
"2084",0.008739623
"2085",0.00869212
"2086",-0.001555699
"2087",-0.003361058
"2088",-0.008187799
"2089",-0.000582514
"2090",-0.01736529
"2091",0.002484969
"2092",0.009903315
"2093",-0.000458442
"2094",-0.006089339
"2095",-0.002652784
"2096",-0.007223119
"2097",0.000216089
"2098",0.013888729
"2099",0.003907697
"2100",0.000118676
"2101",0.007484669
"2102",0.008026481
"2103",0.003704219
"2104",0.002748168
"2105",-0.007751188
"2106",0.002530498
"2107",-0.002218474
"2108",4.49e-05
"2109",0.012065472
"2110",-0.007151355
"2111",0.002109991
"2112",-0.003015685
"2113",-0.002364601
"2114",-0.015821888
"2115",0.012574378
"2116",-0.010213301
"2117",0.008984786
"2118",0.007244854
"2119",-0.000552477
"2120",0.013968162
"2121",0.003778655
"2122",0.002976028
"2123",0.000228359
"2124",-6.24e-05
"2125",-0.004720687
"2126",-0.001027279
"2127",-0.003369574
"2128",-0.004105532
"2129",-0.011496152
"2130",-0.001716996
"2131",-0.007952922
"2132",0.004872573
"2133",-0.013347354
"2134",0.001249695
"2135",-0.006816241
"2136",0.004082536
"2137",0.002286061
"2138",0.001473731
"2139",-0.005445279
"2140",0.007525182
"2141",0.004094975
"2142",0.013088939
"2143",0.005774415
"2144",-0.008796707
"2145",0.009086531
"2146",0.003792174
"2147",0.001796574
"2148",0.002215546
"2149",0.00316078
"2150",-0.005348923
"2151",-0.000254578
"2152",-0.00055192
"2153",0.007892034
"2154",0.006820401
"2155",0.004445198
"2156",-0.002977614
"2157",-0.005666973
"2158",0.004281823
"2159",-0.003201595
"2160",-0.000302369
"2161",0.005386522
"2162",0.001555208
"2163",0.004969398
"2164",-0.001762079
"2165",-0.002912768
"2166",-0.007687015
"2167",-0.004955584
"2168",0.004455377
"2169",-0.005435186
"2170",0.015750491
"2171",0.004326891
"2172",0.003481555
"2173",0.002469055
"2174",-0.003434609
"2175",-0.002977397
"2176",0.005198162
"2177",0.0100538
"2178",0.000551981
"2179",0.002323156
"2180",-0.005269001
"2181",-0.000850413
"2182",-0.000475252
"2183",0.000867345
"2184",0.000803808
"2185",-0.003051642
"2186",-0.002294625
"2187",0.004408474
"2188",0.001072708
"2189",0.005656785
"2190",0.00033197
"2191",-0.003538595
"2192",0.007092355
"2193",0.00605018
"2194",0.00951386
"2195",0.003245661
"2196",-0.006784797
"2197",-0.002629309
"2198",-0.004036343
"2199",0.002071245
"2200",0.000695193
"2201",0.00729073
"2202",0.004604988
"2203",0.002033738
"2204",-0.007488714
"2205",-0.006776071
"2206",0.001502191
"2207",-0.002122152
"2208",-0.031472271
"2209",-0.021325665
"2210",0.011462184
"2211",-0.003529577
"2212",0.021697314
"2213",-0.003556041
"2214",-0.012729395
"2215",0.002556818
"2216",-0.004988524
"2217",-0.004976041
"2218",-0.02413558
"2219",0.01631713
"2220",-0.011856937
"2221",-0.009939547
"2222",0.017662403
"2223",0.009693372
"2224",0.010550366
"2225",-0.004330455
"2226",0.007552943
"2227",0.006806716
"2228",0.02127134
"2229",0.000417105
"2230",-0.007709451
"2231",-0.023168037
"2232",-0.003966154
"2233",-0.008146256
"2234",0.008323978
"2235",0.004901335
"2236",-0.015573833
"2237",-0.022056567
"2238",-3.89e-05
"2239",-0.00730605
"2240",0.014588312
"2241",0.00440297
"2242",0.024958824
"2243",-0.001087652
"2244",0.007878068
"2245",0.011275885
"2246",-0.030951215
"2247",-0.00317258
"2248",-0.022395707
"2249",0.001406807
"2250",-0.002170862
"2251",0.006443486
"2252",0.002858505
"2253",-0.020200163
"2254",-0.021058861
"2255",0.003503591
"2256",-0.014866777
"2257",-0.019896558
"2258",-0.018120635
"2259",-0.029100431
"2260",0.049845818
"2261",0.011380627
"2262",-0.003302671
"2263",0.01149319
"2264",0.00080503
"2265",-0.028270913
"2266",0.032924808
"2267",0.004190193
"2268",0.010883337
"2269",0.00385371
"2270",0.005142601
"2271",-0.000248759
"2272",-0.003588496
"2273",0.006514055
"2274",0.005882686
"2275",0.006731044
"2276",0.013797646
"2277",-0.012218282
"2278",0.007012592
"2279",-0.000910614
"2280",0.007492249
"2281",-0.008447946
"2282",0.002109417
"2283",0.017693211
"2284",-0.000607217
"2285",0.002568862
"2286",0.007001248
"2287",0.006820709
"2288",-0.000835005
"2289",-0.008695111
"2290",-0.002510942
"2291",-0.002119812
"2292",0.014874417
"2293",0.004621682
"2294",-0.004066782
"2295",0.01744772
"2296",0.000311797
"2297",0.002437849
"2298",-0.003999647
"2299",0.007008714
"2300",0.002310199
"2301",-0.001301886
"2302",-0.002794549
"2303",-0.002661525
"2304",0.004256842
"2305",-0.007940805
"2306",-0.000504249
"2307",-0.005160299
"2308",-0.007799123
"2309",-0.000902525
"2310",0.007883644
"2311",-0.003751166
"2312",0.005800526
"2313",0.000274243
"2314",0.005403735
"2315",0.002523533
"2316",-0.001031051
"2317",-0.005474132
"2318",0.008422381
"2319",-0.017725153
"2320",0.000568959
"2321",0.005521861
"2322",-0.001252668
"2323",0.003585131
"2324",0.008213048
"2325",0.012717201
"2326",-0.003019567
"2327",0.001489736
"2328",0.006350567
"2329",0.001529655
"2330",-0.0031777
"2331",-0.007229768
"2332",0.000251623
"2333",-0.000539408
"2334",0.010299104
"2335",-0.001042365
"2336",0.002573099
"2337",-0.000117988
"2338",0.004158863
"2339",-0.001825645
"2340",0.005482236
"2341",-0.002226102
"2342",-0.005074649
"2343",0.003070431
"2344",0.000416698
"2345",0.00145059
"2346",-0.006120787
"2347",-0.004629244
"2348",0.007494364
"2349",-0.002507786
"2350",-0.017905364
"2351",8.63e-05
"2352",-0.005351752
"2353",0.004414131
"2354",-0.023798093
"2355",0.008176135
"2356",0.004542085
"2357",0.008369463
"2358",-0.003815525
"2359",-0.00326423
"2360",0.007688102
"2361",-0.003892237
"2362",-0.01110071
"2363",0.003735465
"2364",-0.009298945
"2365",-0.008732894
"2366",0.00173008
"2367",-0.014097873
"2368",0.000191023
"2369",0.020644841
"2370",0.008186845
"2371",0.00709056
"2372",0.010236102
"2373",0.003030342
"2374",-0.000543686
"2375",-0.001676859
"2376",0.00392002
"2377",-0.000657307
"2378",0.000878508
"2379",0.013518789
"2380",0.001453246
"2381",0.00940122
"2382",-0.001272338
"2383",0.000314689
"2384",-0.006709123
"2385",-0.000429422
"2386",-0.000385888
"2387",0.002766314
"2388",0.004416125
"2389",0.002591941
"2390",0.006694384
"2391",-0.001627266
"2392",-0.004307927
"2393",-0.00084497
"2394",0.00286404
"2395",0.00848396
"2396",0.009005777
"2397",0.00099264
"2398",-0.000860015
"2399",-0.004235543
"2400",0.000114662
"2401",-0.00252623
"2402",0.000651876
"2403",0.006524721
"2404",-0.002896567
"2405",-0.00473012
"2406",0.001896348
"2407",0.001062809
"2408",-0.000857051
"2409",-0.012271114
"2410",-0.010454392
"2411",-0.003701937
"2412",-0.028969955
"2413",0.012123122
"2414",-0.000862452
"2415",0.014269933
"2416",-0.003440342
"2417",-0.014874024
"2418",0.014807854
"2419",-0.030460159
"2420",0.003923586
"2421",0.01198696
"2422",0.0096492
"2423",-0.006632653
"2424",0.009255333
"2425",0.001889489
"2426",-0.023744253
"2427",0.010532238
"2428",-0.004669311
"2429",0.010016301
"2430",0.012526853
"2431",0.001556366
"2432",-0.010803952
"2433",0.009091469
"2434",0.014140506
"2435",0.002593167
"2436",0.001419867
"2437",0.002754556
"2438",0.00845835
"2439",0.001673364
"2440",0.001363759
"2441",-0.005242533
"2442",0.001254965
"2443",0.001338186
"2444",-0.001926211
"2445",-0.005894814
"2446",0.000553922
"2447",-0.005277208
"2448",0.006078141
"2449",-0.002951046
"2450",-0.002635411
"2451",0.003601013
"2452",-0.012772344
"2453",-0.018606074
"2454",0.004694264
"2455",0.014223926
"2456",-0.003601346
"2457",-0.011858155
"2458",0.006954993
"2459",0.005718519
"2460",0.012073967
"2461",-0.001090014
"2462",0.008863935
"2463",-0.000844421
"2464",0.000885135
"2465",-0.009460622
"2466",0.002145722
"2467",-0.001473891
"2468",0.001711566
"2469",-0.001059103
"2470",0.005690291
"2471",0.004920983
"2472",-0.000710936
"2473",0.004256457
"2474",-0.005166461
"2475",0.011133859
"2476",0.004196018
"2477",0.001111403
"2478",-2.56e-06
"2479",0.006628711
"2480",0.000232683
"2481",0.000370287
"2482",0
"2483",0.003325917
"2484",-5.86e-05
"2485",0.00802426
"2486",0.001118736
"2487",-0.003645326
"2488",-0.00404273
"2489",-0.001969757
"2490",0.003937511
"2491",0.006846541
"2492",0.00196708
"2493",0.0015049
"2494",-0.003997651
