"","V1"
"1",0.000266362562047995
"2",0.000895128825107913
"3",0.00195922619621727
"4",-3.83420793818783e-05
"5",-0.000469623497794016
"6",-0.000140351447716439
"7",-0.000210621439638382
"8",0.000478040832286229
"9",4.11744723824779e-05
"10",0.00106791892985024
"11",0.000635379117228099
"12",0.000992680017318876
"13",0.00109528775476272
"14",0.000677644413882287
"15",0.00145630123874626
"16",0.00105406583537211
"17",0.000444140274897866
"18",0.000569580200846158
"19",0.000699820135919104
"20",0.00062501998334696
"21",0.000673331076263124
"22",0.000375398560460431
"23",-3.26355926215138e-05
"24",0.000712379175841539
"25",0.00158152089833954
"26",0.000817297815998585
"27",0.000276049284554253
"28",0.000614132828688174
"29",0.000483423611154177
"30",0.00105669041651596
"31",0.000627066153026101
"32",0.000342398716555798
"33",9.96768646714984e-05
"34",-0.000509328935992962
"35",3.43994770938714e-05
"36",0.000112463857945143
"37",0.000451684054981804
"38",0.000218846518725423
"39",0.000242893983484815
"40",0.000475321615092564
"41",0.000393805627811507
"42",0.000476942729324573
"43",0.000837406054328094
"44",0.000770678535192734
"45",0.000581451971617414
"46",0.000508007686345518
"47",0.000744838643331059
"48",0.000723358364883698
"49",0.000507975397571475
"50",0.000500279838483501
"51",0.000540873297520743
"52",0.00048591979964476
"53",0.000355139467284002
"54",0.000510514284576278
"55",0.000625235569303608
"56",0.000348803839079826
"57",0.000212007503361429
"58",0.000423537203729146
"59",0.000682503354450365
"60",-3.23133586115896e-05
"61",0.000311622945719857
"62",0.000467739476706391
"63",0.000343446068768668
"64",0.000768985462623707
"65",0.000227292790352787
"66",0.00100935291026188
"67",0.00105472976824472
"68",0.0011435619002317
"69",0.00128853858083209
"70",0.000495517066151401
"71",0.000281650304672224
"72",0.000332246088984177
"73",0.000404346286668255
"74",0.000871878171147473
"75",0.00048158058845319
"76",0.000237842982623546
"77",0.000484714712652726
"78",0.00064624474754117
"79",0.000303471988565574
"80",0.00050050565864323
"81",0.00113711914287435
"82",0.00179094879553673
"83",0.000314364584129511
"84",0.00107863384797349
"85",0.00105084989292306
"86",0.000659952132368586
"87",0.00126834081802424
"88",0.000624207625498574
"89",0.000931402702299252
"90",-0.000370271063167285
"91",-0.000330304054043786
"92",0.00163718216515557
"93",0.000336081465146109
"94",0.00125932304939261
"95",0.00073325682979039
"96",7.38668270496208e-05
"97",0.000810061015733724
"98",0.000728364445639573
"99",0.00128391297950999
"100",0.000371812698002138
"101",0.00127659699805866
"102",0.00104055276667696
"103",0.000209068820626682
"104",0.000396164609951897
"105",0.000843491111351389
"106",0.000125823163881092
"107",-0.00059690706217468
"108",0.00239730489936601
"109",0.00146574396153808
"110",-0.000187828497760441
"111",-0.000593834114564054
"112",0.000322872088519047
"113",-9.80493188786545e-05
"114",0.000638972781795665
"115",0.000196776236326898
"116",-0.000166214265143818
"117",0.00111455569777764
"118",0.00012690698746764
"119",0.000366987476217929
"120",0.000725643563180505
"121",0.000139793533889741
"122",0.00033929042041972
"123",0.000645819570305946
"124",0.000431604974402096
"125",0.000607871099863891
"126",0.000801677618919339
"127",-2.60941666383155e-05
"128",2.24923347417561e-05
"129",0.000713931195273913
"130",0.000618534429200628
"131",0.000122316687309023
"132",0.00173916141797697
"133",0.000542152501471467
"134",-2.93980223659701e-05
"135",7.62103592258972e-05
"136",-2.79918884613437e-05
"137",0.000556455135958395
"138",0.000749752260867339
"139",0.000326029900332036
"140",0.00072185461644709
"141",0.000783157888997378
"142",-0.00048989927370879
"143",0.000595821550452549
"144",0.000300092509644772
"145",0.000252101980295784
"146",0.000341601936277308
"147",7.08520678534464e-05
"148",0.000276244761504734
"149",0.000108441409258724
"150",0.000848214014368351
"151",0.000415950859949096
"152",0.000374936290442164
"153",0.000580220686646823
"154",0.000218836905829055
"155",0.00107280651320962
"156",0.000965022206553268
"157",-5.45292436776685e-06
"158",0.000519084733681535
"159",0.00053487889784768
"160",0.000221035357615868
"161",0.00142656235479227
"162",0.00100257638757213
"163",0.000203666481190508
"164",0.000710305233011508
"165",0.000553036612654708
"166",0.000142402269921789
"167",0.000405153945539413
"168",0.000409077323655115
"169",0.000800405242454232
"170",-0.000585431431314406
"171",-0.000119418251493895
"172",0.00155266137963398
"173",9.06544394154009e-05
"174",-3.49444453234197e-06
"175",0.000220003696958527
"176",0.000346093985476901
"177",0.000606458185979339
"178",0.000168841939145835
"179",0.000379248509809372
"180",-7.85622805344774e-05
"181",0.000287251731012423
"182",0.000272563822793541
"183",6.90628072188009e-06
"184",0.000675319651065385
"185",0.000564323851460142
"186",0.00021010940775734
"187",0.000260495172465553
"188",0.000688292884008972
"189",0.000603090974109904
"190",0.000387516723350549
"191",0.00118607693309383
"192",0.000310206380644148
"193",0.00059472301657696
"194",0.000340105863165551
"195",0.000647988870801137
"196",0.00097940687039326
"197",0.000215884643542883
"198",0.00035843727853793
"199",-0.000208152216046784
"200",-0.000140982024501632
"201",0.000569983172357883
"202",0.000253448347556002
"203",0.000993671026319592
"204",0.000744813329368594
"205",0.000171091394162836
"206",0.000800851414336546
"207",0.000889501812066033
"208",-2.78284257958078e-05
"209",0.000491529447459677
"210",-3.7330197280949e-05
"211",-2.67215228989636e-05
"212",0.000413539614883197
"213",0.000753831642016749
"214",0.0014249811243329
"215",0.00158035515719853
"216",0.00164656609341349
"217",0.00140060703357525
"218",2.2231486495475e-05
"219",-0.00087922316535921
"220",-0.00108897964476152
"221",-0.000656659871266513
"222",-0.0003118075690703
"223",0.00057044476937873
"224",0.00243342088663327
"225",0.000775487942453401
"226",0.000918604594341715
"227",0.00112085530612981
"228",0.00110139049753831
"229",0.000395260706656398
"230",0.000350256749457109
"231",0.000879213048031981
"232",0.000493685878090358
"233",-0.00116929195672372
"234",-0.000279144407352404
"235",0.000281575838923269
"236",0.000140678174542707
"237",0.000459131645510444
"238",0.000713497592706717
"239",0.00106806344365337
"240",0.000732390925748722
"241",0.000647616722344638
"242",0.000396471487290306
"243",0.000476615982575018
"244",0.000340823407320545
"245",0.000331401465022671
"246",0.000457588140573446
"247",0.000567616010146217
"248",0.000154265396557051
"249",0.000446231094276333
"250",0.000627034984785067
"251",0.000140389256897491
"252",-0.000193148957992699
"253",7.96000088284326e-05
"254",0.000539423999282975
"255",0.000587013863485209
"256",0.000648705467945824
"257",0.00020064762086772
"258",0.000837888194653571
"259",0.00072989625080142
"260",0.000424826638842264
"261",0.000184472090475447
"262",0.000468132146272445
"263",0.000558834654042435
"264",0.000832077563659079
"265",0.000642249173751971
"266",0.000305473288493336
"267",0.00019413576249554
"268",-0.000124679778106926
"269",0.000308607746212128
"270",0.000595968316280043
"271",0.00077151948055344
"272",0.000678206227594185
"273",0.00116381226557485
"274",0.000834371088683361
"275",-0.000136557556624809
"276",0.000257664840713201
"277",0.000852407473005839
"278",0.000138259323459169
"279",2.31828247965283e-06
"280",0.000293232069399383
"281",0.000445157863648858
"282",0.000697698617806343
"283",0.000508272574402128
"284",0.000376545646251962
"285",0.000595029698440622
"286",0.000580256218729825
"287",0.00047386692461581
"288",0.000692915915054152
"289",0.00138755173681586
"290",0.000840267942298453
"291",0.000294087369795565
"292",0.00023192366602788
"293",0.000587197492796546
"294",0.000522618579042209
"295",0.00090621780163219
"296",9.47162798724633e-05
"297",0.00017924088228837
"298",0.00113605291369085
"299",0.000313514127064652
"300",0.00148469899051224
"301",0.00130223075422116
"302",0.000833568818630239
"303",0.000364888106132794
"304",0.00137869658667707
"305",0.00153006184052528
"306",0.00037026336230083
"307",0.000249972786089655
"308",0.000615574045767421
"309",0.000495861853838796
"310",0.00038556591384011
"311",0.000178034174145597
"312",0.000199028489131666
"313",0.000436435775939608
"314",0.000106564848552658
"315",7.10960302778819e-06
"316",0.000257428556836884
"317",0.000820458356193624
"318",0.000238350153767126
"319",0.000410730586815645
"320",0.000539917006554627
"321",0.000200408672654332
"322",0.000615092833226976
"323",0.000680298303629357
"324",0.000586506016025584
"325",0.000960223202659047
"326",0.000315489995206626
"327",0.000381409553849127
"328",0.000653860299883869
"329",0.00101028059982034
"330",0.000502375520953524
"331",0.000651792215391603
"332",0.00117474169840617
"333",0.00028638236789721
"334",-0.000447571464403704
"335",0.000511251228636779
"336",0.00118715692017243
"337",0.000653801196952347
"338",-0.000208391101045988
"339",0.00073622851176189
"340",0.00169370783225778
"341",0.00064350172869809
"342",-0.00012128876138128
"343",0.000323121955046863
"344",0.000833732100458956
"345",0.000592698137165936
"346",0.00028515093954845
"347",0.000640284847637296
"348",0.000607457557795434
"349",0.000239653888279241
"350",0.000404905272499877
"351",0.000806456136278807
"352",0.000973688380575283
"353",0.000393556423188386
"354",0.000630321805724429
"355",0.000506705772240008
"356",0.00060691743322166
"357",0.000279589503303084
"358",0.000806194848515668
"359",0.000327164746221386
"360",0.000399346665564397
"361",0.00146684361099982
"362",0.00112620410294871
"363",0.000530032182440223
"364",0.00124010692297028
"365",0.00118077603616727
"366",0.00102445185033745
"367",0.000192070300533688
"368",0.000477984573459118
"369",0.00124038356035977
"370",-0.000178065566183448
"371",0.00019430689042151
"372",0.00044898097691763
"373",0.00030028271566714
"374",0.000753336195280039
"375",0.000471894019739282
"376",9.52359108377675e-05
"377",-0.000175138086357293
"378",0.000182439929484235
"379",0.000418717424933501
"380",0.000304381175368206
"381",0.000490226414508587
"382",0.000580110449697606
"383",-0.000315340654604422
"384",4.66120818701222e-05
"385",0.000697268909810319
"386",0.000966274823193775
"387",8.4673730050237e-05
"388",0.000685658570657786
"389",0.000673567948981964
"390",0.000594825725211236
"391",0.000582837817716616
"392",0.000536971356766924
"393",0.00066095902463772
"394",0.000653129204564022
"395",0.000898421097353374
"396",0.000887608276019925
"397",0.00144928179356309
"398",0.00239677648516328
"399",0.000962238865422649
"400",0.0010696044655606
"401",0.000800871730922758
"402",0.000580125590778287
"403",0.000390303309788277
"404",0.00100410019853937
"405",0.000186885380236424
"406",0.00021315384786983
"407",0.000512805281417808
"408",9.75675377594112e-05
"409",0.000327161207345834
"410",-0.000277844277080027
"411",0.00140675680734956
"412",-0.000675882933210507
"413",0.00164234869968711
"414",0.000292901307957153
"415",0.000333769564705578
"416",-0.000604878527785787
"417",0.000367503139249267
"418",0.000274397794106697
"419",0.000201689939812557
"420",-0.00104351295976665
"421",0.000198212853898751
"422",0.000323643549349669
"423",0.000380858393252383
"424",0.0011925800987075
"425",0.000876765696285388
"426",-0.000783192114800665
"427",0.000588256360812195
"428",0.00184803830881077
"429",0.000923615402223497
"430",-0.000207124080324686
"431",0.000421373045957781
"432",-0.000124685876834022
"433",6.56744265387458e-05
"434",0.000600836999955486
"435",0.000421100493002054
"436",0.000622801223348458
"437",0.00057098404939438
"438",0.000643151245338707
"439",-0.000574504908640429
"440",0.000487708262061738
"441",0.00106585989935754
"442",0.000664926360437754
"443",0.000459460678718606
"444",0.000969677924126189
"445",0.000103233612603674
"446",-0.00117921379963626
"447",2.91299267881825e-05
"448",-0.000201532492550283
"449",-0.000423282745980288
"450",-0.000192494414657591
"451",-2.80128800433022e-05
"452",0.000297711571832811
"453",-0.000207356315191436
"454",0.0008049675636703
"455",0.000220791387001125
"456",0.000549742971274841
"457",0.0004446101073266
"458",0.000506367787569533
"459",6.68465594580125e-05
"460",0.00138617789337382
"461",0.000569568995792069
"462",-0.00103776051707325
"463",0.000281217790148201
"464",0.00136466840310691
"465",0.000952148144885871
"466",0.000146364599622663
"467",-0.000329742602496638
"468",0.00044520305429632
"469",0.000992211661398111
"470",0.000233538180089126
"471",0.000822656470643242
"472",0.000682165457536475
"473",-0.000641517035812479
"474",0.000158608691102034
"475",0.00144712130291775
"476",-0.00014533179685949
"477",0.00081523022246154
"478",0.000374368277504296
"479",0.000353922744916068
"480",0.00103649570812885
"481",0.000717666039315899
"482",0.000824285787701137
"483",0.00025889514928936
"484",-0.000120421352330788
"485",0.000371738506322182
"486",-0.000372654290114857
"487",0.000982559043479302
"488",0.000352191718900535
"489",-0.000176385373613661
"490",0.00107573222638243
"491",0.000261170896791605
"492",0.000616399785344119
"493",0.000199675345193667
"494",0.000664681967593884
"495",0.00052623704113641
"496",-0.000237710804304827
"497",0.000402191894035068
"498",0.000387552250706028
"499",0.000359496327902234
"500",-0.000111408337268246
"501",0.000784132591504595
"502",0.000390710345161294
"503",8.3676460957192e-05
"504",0.00111720607725294
"505",9.39875089660497e-05
"506",0.000432708149766132
"507",0.00147933593509133
"508",8.86408270368951e-05
"509",-0.00110308192739937
"510",0.000106521002399159
"511",0.000171048485522765
"512",0.000114043690966713
"513",9.21876406621195e-05
"514",0.000249289506111229
"515",0.000444572709287283
"516",0.000546792492256563
"517",0.000199309480434021
"518",3.55047679467348e-06
"519",0.000389590730548394
"520",0.000484035790919855
"521",0.000438673482800013
"522",0.000164840278216513
"523",0.000277528773181466
"524",0.000397091834216034
"525",0.000437856092433695
"526",0.000584951742609719
"527",0.000407449592049976
"528",0.000651350469021412
"529",0.00101594019961011
"530",0.000260186628714188
"531",0.000459621455694532
"532",0.000576902247192491
"533",0.000436918051000699
"534",0.000955977518238665
"535",0.000260717243603059
"536",0.000514010907936779
"537",0.000385153941817752
"538",0.000266914169040428
"539",-0.000124850865817393
"540",0.000559412315148804
"541",0.000265931669153294
"542",-0.000104506060198245
"543",9.90258229543032e-05
"544",0.00034899238165752
"545",0.00058198855010393
"546",0.000472451726559183
"547",0.000801183408881162
"548",0.00058410656725285
"549",0.000427955323156275
"550",0.000808433176426596
"551",0.000295055469225686
"552",0.000140861273516216
"553",0.000336048132222026
"554",0.000538775353843714
"555",-0.000310865583756089
"556",0.000116622310035636
"557",0.000238572714440482
"558",0.000195300119625182
"559",0.000160597310268343
"560",0.00079523222384379
"561",0.000486401523306165
"562",0.000599388191706725
"563",0.000440378880614629
"564",0.00028567925290347
"565",0.000376828455757998
"566",0.000535359619551526
"567",0.000379906228897995
"568",0.000120649680720102
"569",0.000506816568367468
"570",0.000333887659895369
"571",0.000303203667363444
"572",0.000375604627500222
"573",0.000172006745780252
"574",0.000848700616507289
"575",-4.9521956894717e-05
"576",2.74798265598856e-05
"577",0.00111771076254635
"578",0.00097716243926356
"579",-0.000117388434636089
"580",0.000238850398458813
"581",0.000909716797080648
"582",0.000193776654380654
"583",0.000327956021134433
"584",0.00062763956497823
"585",1.78815128108478e-05
"586",0.000244968021471236
"587",0.000664054960752686
"588",0.000396868505483998
"589",0.000118086360165136
"590",6.58327552305156e-06
"591",0.000385584706385209
"592",0.000452748092022493
"593",0.000226258299106226
"594",0.000792834560490745
"595",0.000409185709524682
"596",0.00110325775738209
"597",0.00108315772691804
"598",0.000961259741378795
"599",0.000462135579931349
"600",0.000299673191421201
"601",0.000601772478324997
"602",0.000654788926922538
"603",0.000148348506758578
"604",0.0003194033189503
"605",0.000747288113247888
"606",0.000321335931777388
"607",0.000141699381690601
"608",0.000432144267457973
"609",0.000512395921304067
"610",0.000545297917340147
"611",0.000742507848282772
"612",0.000426801766195894
"613",0.00106438754129842
"614",-0.000327530566271407
"615",0.000647574066792269
"616",0.00106737037748926
"617",0.000428700474974486
"618",-0.000590991238864624
"619",-0.000193414677812278
"620",-0.000165467987902914
"621",0.000125843734168221
"622",-0.000345536458080216
"623",0.00042308666405537
"624",9.20972642683824e-05
"625",0.000963923331608815
"626",0.000404128430494838
"627",0.000300729077395213
"628",0.000662266563363759
"629",0.000467962397769692
"630",0.000279098729682563
"631",1.93508040788756e-05
"632",-0.000106190827636465
"633",0.000370446751336331
"634",0.000451034135369204
"635",0.000156467103768927
"636",0.000336093275087084
"637",8.61948990507451e-05
"638",0.000386669346335925
"639",0.000142927173324749
"640",-0.000193866335788777
"641",0.000192488206165769
"642",0.000273008400648496
"643",0.000307796136950833
"644",-9.14982745791368e-05
"645",0.000658382712182285
"646",0.000400067778547525
"647",0.000532747834945151
"648",0.000246272955805187
"649",-2.29512533427889e-05
"650",0.000246903181425677
"651",0.000601856518483706
"652",0.000370472275390307
"653",0.000371823746828225
"654",0.00031728127464607
"655",-2.97046680219164e-05
"656",0.000244723020358438
"657",0.000506128226963081
"658",0.000533397984410466
"659",0.000202897778356244
"660",0.000555391327429399
"661",0.000190567245441342
"662",0.00026592579776402
"663",-0.000123126726107236
"664",-7.7522401450735e-05
"665",-1.25208006813739e-05
"666",0.000299202128614109
"667",0.00044104146679686
"668",0.000419120265902645
"669",0.000620523313847385
"670",0.000515534066146397
"671",0.000347224992630974
"672",0.000970313497194683
"673",0.000441062917836583
"674",0.000444783957132148
"675",0.00100044845442477
"676",0.000571067413386635
"677",0.000180204521337563
"678",-4.4416307172807e-05
"679",-0.000927800489784369
"680",0.000621863676121151
"681",-6.41835746410869e-05
"682",1.74956023455057e-05
"683",6.94250431995571e-05
"684",0.000210313793198357
"685",0.000523232612642699
"686",0.000539975907504532
"687",2.56555807985427e-05
"688",0.000503296700339984
"689",0.000348870768958334
"690",0.000425237993884652
"691",0.000757316589700709
"692",0.000750811668366109
"693",0.000304389423734737
"694",0.00030494722590703
"695",0.000612560710096338
"696",0.000229363512000409
"697",-0.000188519769928605
"698",0.000241401886400234
"699",0.000202132425809811
"700",0.000453094793337427
"701",0.000465793524774261
"702",0.000118915245392204
"703",0.000133016555200403
"704",0.000528937951823568
"705",0.000425675502403191
"706",5.35864360273199e-05
"707",0.000129216821992161
"708",0.000643217123709682
"709",0.000419099290499345
"710",0.000351828855355972
"711",0.00068037314942701
"712",0.000959481815899678
"713",0.000601224949303931
"714",0.000420910901101896
"715",0.000917005056050849
"716",3.54442085175407e-06
"717",0.000423529467119505
"718",0.000420697384504564
"719",-8.48324748488768e-05
"720",-2.13051586794232e-05
"721",0.000615238855271243
"722",0.000185806266091539
"723",0.000277050587763139
"724",0.000841325562593933
"725",0.000621634241293952
"726",0.000579725441064237
"727",0.000528142081806501
"728",0.000270588536652131
"729",0.00030473632688889
"730",0.000408016520549996
"731",9.33453726735301e-05
"732",2.12471059701617e-05
"733",0.00054643204253518
"734",0.000330853587558057
"735",0.000581419923572317
"736",0.000507085255592454
"737",0.000462402539324286
"738",0.000173287132172188
"739",-4.31538413330514e-05
"740",-0.000303717422828223
"741",5.68456122954532e-05
"742",6.59179872270366e-05
"743",9.04503722536641e-05
"744",0.000135101625911218
"745",0.000245013946060433
"746",0.000375058553541698
"747",2.54805710925885e-05
"748",0.000235673907088427
"749",0.000576781192936674
"750",0.000561185833210993
"751",0.000401328576966817
"752",0.000508621780543664
"753",0.000361682465794375
"754",0.000255011398819895
"755",0.000153550827495835
"756",0.000106134491861025
"757",0.000207797705979884
"758",0.000572290123477065
"759",-0.000378974845584253
"760",-7.37154627036597e-06
"761",0.00079734012967688
"762",0.000497623413831095
"763",7.30272309395508e-05
"764",0.000260877829186137
"765",0.000469150873445364
"766",0.000435089770525996
"767",0.000270678431051808
"768",0.000315656075532563
"769",0.000251186098693221
"770",0.000399537731290181
"771",0.00018289301043786
"772",0.00022815095796896
"773",0.000118467628954328
"774",0.000434929680792362
"775",0.000389262827279564
"776",0.000465876873974128
"777",0.000646908729074083
"778",0.000113090579210102
"779",0.00051193676855431
"780",0.00119980192544647
"781",6.61281247502027e-05
"782",0.000499771565682368
"783",0.000481331636444139
"784",0.00024549110428197
"785",0.000311403169251555
"786",0.000238959747008544
"787",0.000195537699611535
"788",0.000327897599343985
"789",0.00026691508148222
"790",0.000761853701638577
"791",0.000985762885984529
"792",0.000366392336654074
"793",0.00100706693327288
"794",0.000951287077174982
"795",4.09744706562907e-05
"796",0.000315827863298526
"797",0.000720972086899235
"798",-0.0001848382874064
"799",-0.000154011882702111
"800",0.000150843160629531
"801",0.000122558916040378
"802",-0.000125563058198384
"803",1.13543479998423e-05
"804",0.000262644658878846
"805",0.000115619030263724
"806",0.000152132481956153
"807",0.000216614419297093
"808",0.000551685075695637
"809",0.000524779864296183
"810",0.00019226450882973
"811",0.00084109089520247
"812",0.000573032199633411
"813",0.000391928413367859
"814",0.000204344466796184
"815",0.000323037851896185
"816",0.000304965649150884
"817",0.000109114819476551
"818",1.27085367061214e-05
"819",-0.000742369472987577
"820",-6.33921464467236e-05
"821",0.00061172488664424
"822",0.000186194700262454
"823",0.000253076550779486
"824",0.000559060416692286
"825",0.000693415494504401
"826",0.000537618518280918
"827",0.00111815562117549
"828",0.000240581818000912
"829",0.00029104180020812
"830",0.000669827724068313
"831",0.000684664260070751
"832",-6.61545566064916e-06
"833",0.000578482908363339
"834",0.000184629328183679
"835",0.000272422936655666
"836",-1.31195819949812e-06
"837",0.000136893700889182
"838",9.9121000804864e-05
"839",0.000164579642604039
"840",0.000541164126866503
"841",0.00010556968372629
"842",-0.000159886638265508
"843",0.000850083240867504
"844",0.000102773199206821
"845",0.00079841401071762
"846",0.000556005663219971
"847",0.000357091489371183
"848",-3.29974015117272e-05
"849",0.00012085235736573
"850",3.12186270896191e-06
"851",0.000162276803244349
"852",0.000128963833769821
"853",0.000277562911201187
"854",0.00045931486258273
"855",0.000360574272364412
"856",0.000338034759185079
"857",0.000140227204507334
"858",0.000801648689542912
"859",1.07278738189436e-05
"860",0.00107249670516233
"861",0.000724611898806405
"862",0.000622742753961868
"863",5.63446155377583e-05
"864",0.000261973304799722
"865",-0.000338308362551936
"866",0.00037686402290735
"867",0.000732559444158026
"868",0.00042335733072344
"869",0.000392782682242088
"870",0.000321428216513769
"871",0.000667221572348885
"872",0.000539685369377353
"873",0.000531328006549748
"874",0.0012159530178994
"875",0.000485326209590929
"876",0.000330671766005354
"877",0.000739001226987493
"878",0.000364775252847954
"879",0.000231298457472671
"880",0.00045521427685483
"881",4.54478059036516e-05
"882",1.85884079673605e-05
"883",-0.000181978142418446
"884",-1.88737180330481e-05
"885",-7.20098708906622e-05
"886",0.000225817094553946
"887",0.000212824772923379
"888",0.000325160954448886
"889",0.000143558692094224
"890",0.000347003422617369
"891",0.000179619915781146
"892",0.000112230172507443
"893",0.000411578590606893
"894",-4.02581053300893e-05
"895",0.000256849466467063
"896",0.000105988650672589
"897",0.000201645303957231
"898",2.92283125169431e-05
"899",0.000117461170240385
"900",0.000397832588587628
"901",0.000567568011074831
"902",0.000257397427803269
"903",0.000242704980832326
"904",0.000491243918814255
"905",0.000533938279711551
"906",0.000362922947905611
"907",0.000640478560144212
"908",0.000337870674943198
"909",0.000729142750409038
"910",0.000600588130726499
"911",0.000357903586561558
"912",0.000252762779880841
"913",0.000467019459272149
"914",0.000458519459537482
"915",0.000548662782916461
"916",0.000786578601088015
"917",0.00105046736445419
"918",0.00073979270977325
"919",0.000409188903307644
"920",0.000288084877055434
"921",0.000914800734703091
"922",-0.0001169904172755
"923",0.000460258883810424
"924",0.000514187490541649
"925",0.000706525191851009
"926",-0.00026871611501931
"927",0.000171222785580449
"928",7.54330915214703e-05
"929",1.7555812366407e-05
"930",-1.97597539745956e-05
"931",6.40780437162884e-05
"932",0.000247546092480587
"933",0.000240930373032408
"934",8.30770124148681e-05
"935",0.00020382709917538
"936",0.000291837453933333
"937",0.000297089927840618
"938",0.000527525873179909
"939",0.000398018021369452
"940",0.00013500499801976
"941",0.00032925748030196
"942",0.000320720825909225
"943",0.000279711328177989
"944",0.000517533639062759
"945",0.000238064594581936
"946",4.09501378305222e-05
"947",0.000763574920591874
"948",0.00052164248752024
"949",0.000313653910591022
"950",0.000963995813274184
"951",0.00131916006490099
"952",0.00020942628616883
"953",0.000417514389149876
"954",0.000466130590524151
"955",0.000278265024009312
"956",-0.000192694691361599
"957",-0.000512380029584378
"958",6.95145655172836e-05
"959",0.000344681570870413
"960",-0.00074779998474974
"961",-0.000269694786484615
"962",-0.000175060115649994
"963",-0.000117550233112118
"964",0.000176230349364858
"965",0.000423108917247602
"966",0.000341218402539765
"967",0.000489880862944471
"968",0.000405151603903858
"969",0.000376943349162255
"970",0.00066043325109196
"971",0.000274462420712264
"972",0.000540680782573821
"973",0.000535986670160399
"974",0.000523614905176929
"975",0.000307209065301951
"976",0.000495598381217916
"977",1.92181453121043e-06
"978",0.000420325660485187
"979",0.000366314855810017
"980",0.000377438914867623
"981",0.000507628270242989
"982",0.000237558056865596
"983",0.000136551584103465
"984",0.000331570304057579
"985",0.000316521913496606
"986",0.000169815609255553
"987",0.00045345776256633
"988",0.000345330114088974
"989",0.000329849439408161
"990",0.000313333112194627
"991",0.000511910885362186
"992",0.000246351094528788
"993",0.000158930272379488
"994",0.000340333368309354
"995",0.000412742870933145
"996",0.000274909487952288
"997",0.000233634459290333
"998",0.000160044353080187
"999",0.000615005971493535
"1000",0.00030219797337842
"1001",0.000322569764958406
"1002",0.000337559136827467
"1003",6.70541265884404e-05
"1004",-0.000348435751026481
"1005",-8.54350334797992e-05
"1006",-8.79592494658819e-05
"1007",-0.000224079649562565
"1008",0.000334174097570551
"1009",0.000908346974944902
"1010",0.00094239551880445
"1011",-0.000146014183243394
"1012",0.00050115304814336
"1013",0.000508656186090512
"1014",0.000568505538133185
"1015",-0.000226712305182487
"1016",0.000303864910039828
"1017",0.00042209207627435
"1018",0.000171610954297646
"1019",0.000441184152080519
"1020",0.000483924236779085
"1021",0.000223360484417014
"1022",0.00020294761405414
"1023",0.000153099251041663
"1024",0.000837074572845113
"1025",0.000556044504346611
"1026",0.000218892241360387
"1027",0.000570785246585582
"1028",0.00060986401908405
"1029",0.000391087050168582
"1030",0.000609263295146721
"1031",0.000458205350303032
"1032",-0.000204726358909709
"1033",-0.000231210266673405
"1034",-5.50797624117083e-05
"1035",-0.000325930371729884
"1036",0.000380016453258117
"1037",-7.5284736017679e-05
"1038",7.12663032966079e-05
"1039",-6.99316750123757e-05
"1040",0.000220833147804458
"1041",0.000365288495291022
"1042",4.78759673306637e-05
"1043",5.31668604833474e-05
"1044",0.000342677949908376
"1045",0.000430139293331806
"1046",0.000442593231826243
"1047",0.000339187790865082
"1048",-3.08547215183133e-07
"1049",0.000401686186022217
"1050",0.000256073174193108
"1051",0.000114076932174702
"1052",6.12404419808629e-05
"1053",0.0004106857566408
"1054",7.96205928863083e-05
"1055",0.00061350487227268
"1056",0.00013161883675579
"1057",0.000605885313148766
"1058",0.000553522406547117
"1059",2.54392771854528e-05
"1060",0.000127064693065415
"1061",0.000879810546626464
"1062",0.00037958944597579
"1063",7.96060248327422e-05
"1064",0.000286822101798637
"1065",0.000117495138730735
"1066",1.38040662352844e-05
"1067",0.000468863459313935
"1068",7.53913913901257e-05
"1069",2.66939450352686e-05
"1070",0.000271844900197755
"1071",0.000192752050786844
"1072",0.00032960873902915
"1073",0.000359180923122258
"1074",0.000666824385820076
"1075",0.000296880506859698
"1076",0.000449252257042852
"1077",0.000687169244621181
"1078",0.00143588015163587
"1079",0.000129699469154223
"1080",-3.46820313652145e-05
"1081",0.000129984819556601
"1082",-0.000157768116618564
"1083",0.000124217032369362
"1084",0.000163106888284915
"1085",-0.000359627981243989
"1086",0.000362150419745245
"1087",0.000763002890745516
"1088",0.000539860826195748
"1089",-0.000348635187394364
"1090",-3.33674540855898e-05
"1091",0.000205489379235087
"1092",0.000198038855237854
"1093",0.000191232693743952
"1094",0.000397510692335203
"1095",0.000137268520048571
"1096",0.000504836520331
"1097",0.000807838135153162
"1098",0.000275069175349138
"1099",-5.01699234906038e-05
"1100",0.000199536495072127
"1101",0.000305563254287825
"1102",7.12901928320664e-06
"1103",0.000117026546813229
"1104",0.000538381684862619
"1105",0.000460477839791411
"1106",0.000223397894519989
"1107",0.000379767229979026
"1108",0.000228425210368746
"1109",0.000300693017944562
"1110",1.66144437505458e-05
"1111",6.76949423919566e-05
"1112",0.000718517896438583
"1113",0.000376302389872161
"1114",-0.000168635601666043
"1115",-6.99580265415731e-05
"1116",-0.000168584051093764
"1117",0.000229145154278346
"1118",0.000258194735577195
"1119",0.00022900292826371
"1120",0.000395314225050746
"1121",0.000284599088882534
"1122",0.00021493532781479
"1123",0.000402441247901517
"1124",0.000260577027995396
"1125",0.000172033029646573
"1126",0.000373335953594195
"1127",0.000146295591565611
"1128",0.000281797425536355
"1129",0.000264601961259139
"1130",0.000154425446745601
"1131",0.000290128215861125
"1132",0.000343580485789837
"1133",0.000172149300109676
"1134",0.000127610375841401
"1135",0.000213171955348739
"1136",0.000296850352791356
"1137",0.000311885549919618
"1138",0.000316819293543195
"1139",0.000373350171447991
"1140",0.000502225374274641
"1141",0.000273438283692688
"1142",7.50706542444348e-05
"1143",0.000221520360839057
"1144",0.000209730356355841
"1145",0.000129628693713258
"1146",6.37068522618109e-05
"1147",0.000119071828343415
"1148",0.000330544707498099
"1149",3.66934579924615e-06
"1150",0.000290835554833206
"1151",0.000209939194284869
"1152",0.000265445971043606
"1153",0.000328112569187232
"1154",0.000695685621142211
"1155",0.000377570868472396
"1156",0.000334595079922973
"1157",0.000470881435076169
"1158",0.000561539942527155
"1159",0.000246900076450792
"1160",0.000251431352779659
"1161",0.000368367101328428
"1162",0.000268706180061684
"1163",0.00038180084158126
"1164",0.000140288268750874
"1165",0.000329850067507255
"1166",0.000204982532907196
"1167",8.65954627381335e-05
"1168",0.000278982475783807
"1169",0.000252118547442546
"1170",0.000152867803543057
"1171",0.000197508960954129
"1172",0.000255494316061025
"1173",-9.39697765116639e-05
"1174",0.000411621901594752
"1175",0.000271439924633246
"1176",0.000424274719624713
"1177",5.18904495435404e-05
"1178",0.000233719018886175
"1179",4.05151071386386e-05
"1180",0.000263377190707676
"1181",0.000355300297999795
"1182",0.000295118602833833
"1183",0.000199153846332035
"1184",0.00043912207796997
"1185",0.000364539874565062
"1186",-1.50040203195163e-06
"1187",0.000160383513937279
"1188",0.000130143824455672
"1189",0.000191955289314597
"1190",0.000277709126393562
"1191",0.000400401683361347
"1192",4.80437151806022e-05
"1193",0.000368931521019889
"1194",0.000485066109287346
"1195",0.000171582326520184
"1196",0.000241306246942108
"1197",0.000861457090774074
"1198",0.00016543625905088
"1199",0.000293582810650171
"1200",0.000214298173447731
"1201",0.000415893440025058
"1202",0.000196240924435566
"1203",0.000398420381814374
"1204",0.000774402836038494
"1205",0.000600612898793049
"1206",0.000200657847323066
"1207",0.000426160300102712
"1208",0.000331887698590336
"1209",0.000304802224766466
"1210",-7.86829015674988e-05
"1211",0.000172342155700789
"1212",0.000152599421020886
"1213",-1.21220516840107e-06
"1214",-0.00057756585977193
"1215",2.3025343946229e-05
"1216",8.81905634274455e-05
"1217",-0.000162227445493219
"1218",0.000159144710939393
"1219",-0.000218661931142204
"1220",-0.000192254703629962
"1221",0.000284440612424054
"1222",-3.5205186860786e-06
"1223",0.000135595919562024
"1224",0.000188553371487689
"1225",-1.09683617652323e-05
"1226",0.000329841867524805
"1227",0.000112608460249893
"1228",0.000147579244516872
"1229",2.26889954356223e-05
"1230",0.000304192632321236
"1231",0.000336208911693
"1232",0.000252398266637589
"1233",0.00030888000727305
"1234",0.000198349727454628
"1235",0.000108697088608117
"1236",0.000215412856370961
"1237",7.76078495456946e-05
"1238",0.000351501499788323
"1239",0.000222961012001778
"1240",0.000182911298418954
"1241",0.000102467289878347
"1242",0.000374817332922207
"1243",0.000253616809974775
"1244",0.000192107429488068
"1245",0.000238607549514454
"1246",0.00025956780304756
"1247",0.000397961003415515
"1248",0.000334023648138
"1249",0.000502852009203754
"1250",0.000524884563197812
"1251",0.000103601667968493
"1252",-0.000173343410137315
"1253",3.63077212276691e-05
"1254",0.000350495160760154
"1255",-0.000234641734323448
"1256",-0.000185491767443703
"1257",-3.03327462865107e-05
"1258",0.000136266518729581
"1259",5.29833799805012e-06
"1260",0.000375259811677974
"1261",0.000646507036398525
"1262",0.000561905719561116
"1263",-4.68750915567624e-05
"1264",0.000329854978519039
"1265",0.000143006054308209
"1266",0.000425593799562327
"1267",0.000341960299030499
"1268",0.00019641062778699
"1269",1.47105326593745e-05
"1270",0.000393624312160817
"1271",0.000147965794283496
"1272",0.00023110350729848
"1273",0.000353018528583703
"1274",0.000205393332138068
"1275",0.000100368264619379
"1276",0.000376607574676403
"1277",8.13477560480961e-05
"1278",0.000489389130780083
"1279",0.00017494978190196
"1280",-7.89286197549846e-05
"1281",0.000592196447034166
"1282",-0.000424007725716504
"1283",-5.0468007874167e-05
"1284",0.000136574839817338
"1285",-0.000675071349251546
"1286",0.000169083628893177
"1287",0.000131337565283732
"1288",-0.000181596115538529
"1289",0.00018149719973957
"1290",0.000133270079531872
"1291",0.000249394849668742
"1292",0.000154526914029673
"1293",-0.000122506023348934
"1294",0.000198287385890191
"1295",0.000208924684520211
"1296",0.000213082054583767
"1297",0.00018702935458979
"1298",0.000146400209719555
"1299",5.28991599062015e-05
"1300",7.71603602700981e-05
"1301",0.000195148744658097
"1302",0.000226052877946033
"1303",0.000139457088928795
"1304",0.000153981208475846
"1305",0.000365358680788938
"1306",0.000340164528555777
"1307",0.00043994720524888
"1308",0.000109146217816736
"1309",0.000145616872295019
"1310",0.000464841853768566
"1311",-9.62352764469003e-05
"1312",-2.72862210031966e-05
"1313",0.000220444901557302
"1314",7.45113559624976e-05
"1315",0.000190126347530009
"1316",0.000209841206041896
"1317",0.000762364881123965
"1318",0.000203540372063926
"1319",0.000285459490089337
"1320",1.6122406190874e-05
"1321",0.000302393176550432
"1322",0.000662796556725632
"1323",6.29475691885249e-05
"1324",-2.34324930635887e-05
"1325",0.000430116556663355
"1326",5.35158455205641e-07
"1327",0.000445377445542103
"1328",0.000264248505503802
"1329",0.000283301603912701
"1330",0.000157872570829504
"1331",2.63537787141422e-05
"1332",0.000115136518393604
"1333",0.000329550989022385
"1334",0.000182309902307984
"1335",-3.32813266674214e-05
"1336",0.000222807867141558
"1337",0.000193852396828244
"1338",0.000168383322199282
"1339",0.000416574926440571
"1340",0.000232178119337598
"1341",0.00031049985895978
"1342",0.000469825788136877
"1343",0.000658319741843224
"1344",-0.000210041228580607
"1345",0.000785985498264971
"1346",0.000378672428885795
"1347",0.000486395191831248
"1348",0.000319871197570046
"1349",0.000480041153194335
"1350",0.000305236036300931
"1351",5.55159852503549e-05
"1352",-0.000236853214724061
"1353",0.000158993744307024
"1354",0.000260105974669761
"1355",0.000326697732193384
"1356",0.000281587961967946
"1357",0.000248039445603821
"1358",0.000256238322001136
"1359",0.000396286883052234
"1360",0.000271476700749756
"1361",-0.000454799291962339
"1362",0.000492862083903073
"1363",0.000622954425497764
"1364",5.91791395607428e-05
"1365",5.05058361331847e-05
"1366",0.000353614330709841
"1367",0.000547061862946846
"1368",0.000335640707165582
"1369",0.000302527876356545
"1370",0.000281398011145338
"1371",0.000194269264013807
"1372",0.000483832182754685
"1373",0.00032399591603507
"1374",9.57977733877405e-06
"1375",2.77746432199338e-05
"1376",0.000166322653291414
"1377",0.000336702113117247
"1378",0.000116982032528142
"1379",-7.68313115426975e-05
"1380",0.000105076182887845
"1381",0.000299733816156265
"1382",-0.000106872643538812
"1383",0.000536281431998072
"1384",0.000420951162063018
"1385",4.11678345917847e-05
"1386",0.000228797689591037
"1387",0.000781793591995716
"1388",-0.000311067962800295
"1389",0.000502299436791233
"1390",0.000438176742990428
"1391",1.16331749258191e-05
"1392",-3.04838015432096e-07
"1393",0.000275030125426496
"1394",0.000175077157046087
"1395",-2.23078039790266e-05
"1396",-0.000503406499136273
"1397",0.000102761073637139
"1398",0.000183224913751677
"1399",0.000281234682907675
"1400",0.000259835468392995
"1401",0.000411801206551796
"1402",0.000544061320709637
"1403",9.27328931041501e-05
"1404",9.34625230217809e-05
"1405",0.00054468583738452
"1406",0.000261698953221259
"1407",0.000175089563586525
"1408",0.000111066963966209
"1409",-0.00018030092699434
"1410",-4.50134245095326e-06
"1411",0.0002592513010991
"1412",2.87712033632318e-06
"1413",0.000326435433187599
"1414",0.000649259501750624
"1415",0.000230446101985053
"1416",0.000100720782169017
"1417",0.000298618259259525
"1418",0.000114933848945569
"1419",0.000524341432513489
"1420",0.000620556043766444
"1421",0.000498154168558441
"1422",0.00093645070518605
"1423",0.000608419069711056
"1424",0.000167369242782872
"1425",0.000197933108098505
"1426",0.00130830784850046
"1427",-4.6652452819503e-05
"1428",0.00019081001701997
"1429",-0.000192392774816316
"1430",-0.00011045021308416
"1431",0.00109705869030509
"1432",0.000771380510097093
"1433",-0.000215560715488208
"1434",0.000486571481723364
"1435",-4.45082370282839e-05
"1436",0.000150973490193655
"1437",0.000316790652989965
"1438",-0.000944391900477262
"1439",7.96886997535129e-05
"1440",0.000354279585101662
"1441",-8.65360087235911e-05
"1442",-7.79714940213272e-05
"1443",0.000124242681118376
"1444",0.000191112311683399
"1445",-2.329107985416e-06
"1446",0.00036423831006971
"1447",0.000308281916860142
"1448",-0.000105808933657675
"1449",0.000393664743186439
"1450",0.000225112358154602
"1451",-0.000680592944091703
"1452",0.000153137653769594
"1453",8.8473195136811e-05
"1454",-0.000196486207680565
"1455",-0.000125935024587886
"1456",0.000212692160471443
"1457",-8.00998126098443e-05
"1458",0.000136082493410265
"1459",0.00010883471990023
"1460",-0.000128473705942888
"1461",0.000347979617298085
"1462",0.00025071699431799
"1463",0.000219964533716933
"1464",8.99733602408772e-05
"1465",-0.000438534985697906
"1466",0.000215592979611936
"1467",9.07015081328906e-05
"1468",-0.000439201739569418
"1469",-0.000463882965360847
"1470",-6.4130179722424e-05
"1471",-9.68673866099326e-05
"1472",-0.000552057202247079
"1473",-0.00020983329233244
"1474",-0.00011260620214763
"1475",-0.000284028010303911
"1476",0.00021686500523171
"1477",0.000172449600508128
"1478",4.55767533658066e-05
"1479",0.000395643848483797
"1480",0.000709762415059538
"1481",-3.15599933555387e-05
"1482",0.000175183512690396
"1483",0.000315923030396912
"1484",2.72893967289944e-05
"1485",5.72685317119467e-06
"1486",3.01113016678612e-05
"1487",-0.000411256566088107
"1488",7.87388728792608e-05
"1489",1.41069237916169e-05
"1490",7.76977734100825e-05
"1491",0.000103137929596637
"1492",0.000225256024706396
"1493",0.000637641656759936
"1494",0.000347969539124082
"1495",-0.000100868486893548
"1496",0.00110816335277265
"1497",0.000551375763790194
"1498",0.000180362049266341
"1499",0.000705707302564198
"1500",0.000545976232209846
"1501",7.09127043781263e-05
"1502",-0.000174891886185074
"1503",0.00117141322618444
"1504",0.000144236048229276
"1505",0.000180031173464108
"1506",-0.000143920026519022
"1507",-2.24610501906063e-05
"1508",0.000136141937593583
"1509",-0.000150272248410195
"1510",-0.000135466525057009
"1511",-7.19174956334011e-05
"1512",0.000932074778695561
"1513",0.000275756476087354
"1514",0.000348184689816626
"1515",-0.000163806720011218
"1516",0.000333699086029567
"1517",0.000751329054287989
"1518",5.80841017312342e-05
"1519",0.00019949137642803
"1520",0.000644381080863271
"1521",0.000504442055336606
"1522",-0.000132695041333544
"1523",0.000456648174754233
"1524",0.000366948000513367
"1525",-5.38194501118795e-05
"1526",0.000270988931788443
"1527",6.06545946532417e-05
"1528",0.000300332264879926
"1529",-0.000571239793454639
"1530",1.00550030839438e-05
"1531",-0.000623569563172649
"1532",-0.00038109322981483
"1533",0.000430525679218741
"1534",-0.000259973419696035
"1535",-0.000402910931952496
"1536",0.00037591315220614
"1537",0.000969924481229146
"1538",0.000229055012708489
"1539",0.000486344397320191
"1540",0.000990770876718732
"1541",0.000402864232875837
"1542",-0.000255345597224268
"1543",-0.000145994747522309
"1544",-0.000633409448044796
"1545",-0.000586932129851342
"1546",-0.000461608980535966
"1547",-0.000693505210868915
"1548",0.000225326595666214
"1549",-0.000333562143989001
"1550",-0.000100465449843404
"1551",0.000469162027967849
"1552",-0.000423174152040394
"1553",-0.000516239753642215
"1554",8.96412682945333e-05
"1555",0.000243689669959834
"1556",-0.000340277570733534
"1557",0.000511542419240789
"1558",5.16327264666172e-05
"1559",0.000150887899498159
"1560",4.74243764872369e-05
"1561",0.000225376235155702
"1562",0.000203220892481299
"1563",1.85846922754519e-05
"1564",-0.000170096509191722
"1565",-2.16924360294877e-05
"1566",-6.77082483719925e-05
"1567",-0.000125256555118558
"1568",6.13499933048034e-05
"1569",-7.43447309686473e-05
"1570",-0.000216357993895794
"1571",-0.000127206343896467
"1572",-0.000421918075619953
"1573",2.86304126115834e-05
"1574",0.000171309621003198
"1575",0.000131749322665681
"1576",0.000280811631524559
"1577",-4.98474001731498e-05
"1578",0.000438996591058697
"1579",0.000551181298209294
"1580",0.000602689291825508
"1581",-0.000120869626906279
"1582",-8.25288679360062e-07
"1583",-5.33942867688906e-05
"1584",0.000148200671098715
"1585",-0.000102005422218183
"1586",-0.00020029916576569
"1587",0.000166137825552226
"1588",0.000338323200196636
"1589",0.00020160970369394
"1590",8.92848796953997e-05
"1591",2.91078547124549e-05
"1592",5.22569559496806e-05
"1593",0.000130410462115081
"1594",0.00029178579062741
"1595",-0.00046229114314913
"1596",0.00025732766828821
"1597",0.000160157836076893
"1598",0.000112060161299252
"1599",1.77083272609072e-05
"1600",0.000214765788129486
"1601",-0.000229192052313138
"1602",1.51144802327198e-05
"1603",0.000205180908544847
"1604",5.61248763789458e-05
"1605",-0.000143705884814146
"1606",0.000373009067035872
"1607",0.000344383107761774
"1608",0.000329680120735975
"1609",-8.27556273190478e-05
"1610",0.000353276918737334
"1611",-0.000166489469177215
"1612",-0.00017090634973707
"1613",-0.000142038006863633
"1614",3.64259689274763e-05
"1615",-0.000379711889905874
"1616",0.000112121222449561
"1617",1.51621693242233e-05
"1618",0.00037306001870673
"1619",0.000294041881743802
"1620",0.000420284642776152
"1621",0.000108887186827698
"1622",0.000281657091535015
"1623",0.0004311493044464
"1624",0.000437709331953755
"1625",2.6254215110668e-05
"1626",-7.65570633443748e-05
"1627",8.21313111852313e-06
"1628",0.000106092049087936
"1629",1.56625921998656e-05
"1630",-0.000170547357795481
"1631",0.000111347226587682
"1632",-0.000410243397220175
"1633",0.000322482938813577
"1634",0.000864231186580582
"1635",-0.000468999170965566
"1636",-0.00073030021235578
"1637",0.000702487315054026
"1638",-1.37997416195276e-05
"1639",6.17159408567235e-05
"1640",-0.000343476024270203
"1641",-0.000402760547048381
"1642",8.84781975363507e-05
"1643",-7.59516566947183e-05
"1644",0.000108920557008625
"1645",-0.000114976690476326
"1646",-0.000401421963588544
"1647",-7.63395986746379e-05
"1648",-5.76703459114084e-05
"1649",5.96608723242956e-05
"1650",9.28874380946225e-05
"1651",0.00019006980171853
"1652",1.77472663743695e-05
"1653",0.000119907154084528
"1654",0.000114373326854613
"1655",8.21999996377238e-05
"1656",-5.54487903151285e-05
"1657",6.77743769439248e-05
"1658",8.3639591879277e-05
"1659",0.000200845065243707
"1660",0.00018877120803883
"1661",0.000117766251158272
"1662",0.000116180178772486
"1663",9.02895219875059e-05
"1664",7.72299674284528e-05
"1665",-0.000119479855202936
"1666",-0.000276936358329343
"1667",-0.000122348258432704
"1668",5.58684904468423e-05
"1669",9.1893377668926e-05
"1670",0.000127560600196669
"1671",-6.00856275160989e-05
"1672",9.18783545529304e-05
"1673",0.000273404929163201
"1674",3.5999619292741e-05
"1675",-5.98889917932692e-06
"1676",9.02925096390849e-05
"1677",9.20040268259326e-05
"1678",-0.000348991868518704
"1679",0.000398299102247968
"1680",-9.92374424174646e-05
"1681",0.000277339599548977
"1682",4.01632199402109e-05
"1683",0.000432317331157858
"1684",-0.000134925854052116
"1685",0.000338357139729694
"1686",0.000475789257708881
"1687",0.000385216489982172
"1688",7.82065718059879e-06
"1689",0.0004733204300117
"1690",9.37784607017985e-06
"1691",-0.0003064271637625
"1692",0.00049508870103843
"1693",-0.000155246866690514
"1694",-0.000237429049666062
"1695",-0.000115855215230077
"1696",0.000194717347319771
"1697",0.000441032428424158
"1698",-0.000123962633193661
"1699",-0.000390898031323823
"1700",0.000516910498838611
"1701",0.000341571280948946
"1702",-0.000152143126096413
"1703",0.00024016074415326
"1704",8.35130635461658e-05
"1705",-6.20759606447638e-05
"1706",0.000290311653539048
"1707",-1.89233656644555e-05
"1708",6.57138617864053e-05
"1709",-0.000318427249035704
"1710",-6.27580893287874e-05
"1711",7.22173238975969e-05
"1712",0.000120171413926025
"1713",0.000101514127314366
"1714",0.000333225462488277
"1715",0.000354144159247928
"1716",7.5882439500013e-05
"1717",0.000154874336233328
"1718",0.000242007050844972
"1719",0.00015604117961352
"1720",0.000196536332123081
"1721",0.00024535365716851
"1722",0.000273514878256482
"1723",0.000307293300489809
"1724",0.000417283774417869
"1725",0.000249053395561497
"1726",-1.37595353586561e-05
"1727",0.000132995896955948
"1728",0.000481702623398888
"1729",4.61054877041249e-05
"1730",-0.000209085113686397
"1731",-0.000136976871449
"1732",-0.000288899032439822
"1733",-0.000200279588473607
"1734",-0.000251168542494627
"1735",-0.000228027187236826
"1736",-0.000118451811009331
"1737",-0.00026372801095576
"1738",-7.50124700915164e-05
"1739",-0.000285574622568608
"1740",-0.000165927188962724
"1741",1.56274078475145e-05
"1742",8.43712359478862e-05
"1743",0.00025696875867072
"1744",0.000298569787316799
"1745",-7.55748167155389e-05
"1746",0.000464509412263119
"1747",8.89505764349574e-05
"1748",0.000732882662452549
"1749",3.15065366938267e-05
"1750",-7.08317809394055e-05
"1751",0.00014878403216472
"1752",5.08963463428235e-05
"1753",-7.29441098040482e-05
"1754",0.000253822621738499
"1755",0.000307899895460797
"1756",8.56062171298302e-05
"1757",0.000398616784548257
"1758",0.00010346321075282
"1759",-6.46597998581273e-05
"1760",0.000556436933941962
"1761",-0.000265480155129196
"1762",0.00029349499840669
"1763",6.31473902730433e-05
"1764",0.000368335676713002
"1765",-0.000331832867742014
"1766",0.000436387071908502
"1767",0.000126014447898941
"1768",0.000145538391604065
"1769",-0.000479743197987488
"1770",6.885476630499e-05
"1771",8.89655402725082e-05
"1772",9.24472167789575e-05
"1773",2.20995916320151e-06
"1774",8.57937764845474e-05
"1775",9.4667264054875e-06
"1776",0.000163870504837517
"1777",0.00010020150367361
"1778",-0.000324301666729736
"1779",-0.000120038231760015
"1780",0.000187850494547069
"1781",0.000120832079249578
"1782",8.05421505677487e-05
"1783",0.000267188307271231
"1784",0.000144449098707403
"1785",0.000224522960499987
"1786",0.0001897629526227
"1787",0.000254856377602342
"1788",0.000202741321992259
"1789",-6.39836292606874e-05
"1790",4.30637031855511e-05
"1791",5.76686846926954e-05
"1792",2.7008274953439e-05
"1793",6.90121957173351e-05
"1794",1.77651182373381e-05
"1795",2.60327300106604e-05
"1796",6.08633606391585e-05
"1797",-0.000280067391334683
"1798",-0.000229956512066255
"1799",-6.65914857110283e-05
"1800",-5.31344413399297e-05
"1801",-2.71746816341623e-05
"1802",-0.000500031659316321
"1803",-6.71918386022976e-05
"1804",0.00040747573431191
"1805",-6.65867463059864e-05
"1806",0.00042307893952441
"1807",0.000545455257426611
"1808",0.000566335234259607
"1809",0.000298500269734725
"1810",0.000186286996409973
"1811",0.000241023579742859
"1812",-0.000253547714378977
"1813",-0.000229305341237332
"1814",7.89666617813081e-05
"1815",0.000267349289432809
"1816",0.000189359167604289
"1817",0.00026432637144593
"1818",5.56705789718447e-05
"1819",0.000341926875586502
"1820",0.000299232646759218
"1821",0.000101754472330621
"1822",0.000248376487746052
"1823",0.000249751272584393
"1824",0.000104156158251718
"1825",3.4403522671843e-05
"1826",-0.00011827652295794
"1827",4.42315514143808e-06
"1828",-0.000152870775115686
"1829",0.000156849943726227
"1830",0.000101173257660334
"1831",0.000385919264338061
"1832",0.000219377410857733
"1833",0.000259136601784082
"1834",-0.000249728400121555
"1835",0.000251816127527311
"1836",0.000112898462785184
"1837",0.000230665870213205
"1838",0.000154402707243816
"1839",0.000139902306234234
"1840",-0.000408339476404137
"1841",-0.000105030057358192
"1842",9.13020175687596e-05
"1843",-0.000385028475141552
"1844",-0.00032489763317984
"1845",0.000465821145618598
"1846",-7.90830016918578e-05
"1847",0.000232295921417251
"1848",0.000184360968394138
"1849",0.000172560092643005
"1850",0.000173817456087407
"1851",6.21422604897074e-05
"1852",9.60282693174326e-05
"1853",4.54381941751013e-05
"1854",-7.35016154684119e-06
"1855",0.000113811820692456
"1856",0.000399267275332188
"1857",0.000360856493690193
"1858",-0.000477038086671708
"1859",0.000127045500896062
"1860",0.00044248531537745
"1861",-7.6716893258998e-05
"1862",-0.00034996378037627
"1863",-0.00015146325527177
"1864",-0.000217109283006329
"1865",0.000158384948497679
"1866",-0.000684163047658487
"1867",9.94008596159769e-05
"1868",0.000555096264676281
"1869",0.000340030640254727
"1870",0.00025750926421398
"1871",0.000234372250047968
"1872",0.000561534918995308
"1873",0.000335757178653128
"1874",9.6106018063967e-05
"1875",-6.17103716405136e-05
"1876",0.000231920632048598
"1877",0.000127292422240957
"1878",-3.02104208774029e-05
"1879",0.000392021604146312
"1880",0.000398949591892376
"1881",0.000174191518823616
"1882",0.000137333358144759
"1883",0.000221065592881384
"1884",9.21080076654573e-05
"1885",-7.30829406932691e-05
"1886",-9.97627259296733e-05
"1887",0.000255272976554774
"1888",-4.33609586855871e-05
"1889",0.000181855809272294
"1890",0.00041099215686054
"1891",-5.18205134765355e-05
"1892",6.30623309625698e-05
"1893",0.000154708856213523
"1894",-1.20416982685127e-05
"1895",-0.000262077818114072
"1896",-0.00015992296621673
"1897",5.56316638944638e-05
"1898",0.000130023460435125
"1899",0.000196049413483095
"1900",-3.13695477605926e-05
"1901",0.000337094100541395
"1902",0.000230518279581687
"1903",9.66320633684139e-05
"1904",-0.000112933397442567
"1905",7.78736193648332e-05
"1906",0.000106286489862221
"1907",7.29401815462548e-05
"1908",8.01982147003629e-05
"1909",5.82337933110419e-05
"1910",0.000181301902862137
"1911",0.000174162369640908
"1912",5.25839226649339e-05
"1913",0.000386198946845136
"1914",0.00045052643246468
"1915",0.000605461561105411
"1916",0.000387234173890109
"1917",-1.31177710718084e-06
"1918",0.000488768752683244
"1919",0.000553635716968498
"1920",0.0003916451878787
"1921",0.000101270101603479
"1922",-0.000274672070127284
"1923",-0.00021498448735406
"1924",0.000193189264102672
"1925",-1.40633774690359e-05
"1926",-0.000272868564481653
"1927",-0.000239802601755815
"1928",0.000498631956388535
"1929",-0.000120242090973534
"1930",9.15406789083412e-05
"1931",9.22254826493875e-05
"1932",0.00104440522866681
"1933",0.000381020010750111
"1934",-0.000195989063743662
"1935",0.000787074299166534
"1936",0.000281417795218989
"1937",0.000485534994477436
"1938",0.000171115291363556
"1939",-8.25714295683985e-05
"1940",-4.9630201082067e-05
"1941",3.96828964355006e-05
"1942",3.5052167594148e-05
"1943",0.000237429321374088
"1944",0.000176318193841852
"1945",0.00018754423002955
"1946",0.000144697819309175
"1947",0.00023015469200909
"1948",0.000103318912088526
"1949",0.000201205589987786
"1950",0.000200134618975664
"1951",2.61625986117057e-05
"1952",-5.39325674466886e-05
"1953",-4.68477079372179e-06
"1954",0.000101256454838949
"1955",2.73031584546382e-05
"1956",0.000278658108552319
"1957",-0.000331624344286308
"1958",-0.000469626777031314
"1959",-3.91320282138393e-05
"1960",0.000120483383382253
"1961",-1.89643637345801e-06
"1962",0.000126864464811043
"1963",0.00031355396896674
"1964",0.000195400595521867
"1965",0.000246760890805014
"1966",0.000248922789246338
"1967",0.000104024264659036
"1968",2.64680581839179e-05
"1969",0.000241224119069223
"1970",0.000132342649552229
"1971",0.000144908459195527
"1972",0.000237944989592818
"1973",-0.000198332389397248
"1974",0.000192695357522071
"1975",0.000289875601166607
"1976",-0.000146258629503066
"1977",0.000576039586596256
"1978",0.000178027948476117
"1979",0.000901173073886451
"1980",0.000376074813212246
"1981",0.000305434949749352
"1982",0.000166444811003986
"1983",0.000336713693565791
"1984",0.000166470876014694
"1985",8.17590262973008e-05
"1986",0.000278529645400093
"1987",6.28873034335073e-05
"1988",-4.88611663546786e-05
"1989",0.000291137950705607
"1990",-3.40543600924699e-05
"1991",0.0001169205979945
"1992",9.02681996632918e-05
"1993",5.51767741374333e-05
"1994",-7.04876949164927e-05
"1995",0.000273390287621484
"1996",0.000408148483975096
"1997",0.000122756804243992
"1998",0.000618311156180065
"1999",0.000123579079569738
"2000",0.0004664117
"2001",-6.592785e-05
"2002",-0.0001244099
"2003",7.781128e-05
"2004",-5.095742e-05
"2005",-7.378117e-06
"2006",0.0002401832
"2007",0.0002760997
"2008",0.0001199809
"2009",0.0002038695
"2010",-8.04151e-05
"2011",0.0003128874
"2012",-0.0002132849
"2013",0.0006473412
"2014",8.822696e-05
"2015",0.0004106486
"2016",-0.0002069637
"2017",0.0004090123
"2018",0.0002370186
"2019",0.0002754627
"2020",-0.0001054737
"2021",-6.350075e-05
"2022",-0.0002091822
"2023",0.0001799654
"2024",-8.173749e-05
"2025",-1.316024e-06
"2026",0.0002637259
"2027",-2.211658e-07
"2028",-0.0001491835
"2029",3.377186e-05
"2030",-4.747068e-05
"2031",3.250131e-05
"2032",0.0003122526
"2033",0.0004986777
"2034",0.0002583351
"2035",-0.0001024989
"2036",0.0008255427
"2037",0.001238945
"2038",0.0002307477
"2039",-0.0001275953
"2040",0.002351223
"2041",0.001692352
"2042",-0.001087066
"2043",0.000369209
"2044",0.0002615805
"2045",-0.0003968165
"2046",0.0003312443
"2047",-1.752014e-05
"2048",9.93516e-06
"2049",2.772844e-05
"2050",-6.214637e-05
"2051",-3.526598e-05
"2052",0.000520831
"2053",0.0004750238
"2054",1.377917e-05
"2055",-0.0001524293
"2056",0.0003167913
"2057",0.0001236101
"2058",0.0006823122
"2059",-2.471598e-05
"2060",-1.281325e-05
"2061",1.092991e-05
"2062",0.0003885846
"2063",0.0002188973
"2064",-5.240353e-05
"2065",7.183171e-05
"2066",0.0005411706
"2067",0.0003325673
"2068",-8.932773e-05
"2069",0.0006307186
"2070",0.001160841
"2071",-5.494736e-05
"2072",0.000193253
"2073",0.001136663
"2074",-0.0001965687
"2075",-0.0001297748
"2076",0.0006402898
"2077",-0.001040272
"2078",0.0003521824
"2079",0.0005919146
"2080",0.0003607003
"2081",-0.000614943
"2082",-3.253991e-05
"2083",0.0006843626
"2084",-6.478601e-05
"2085",0.0001424599
"2086",-7.235593e-05
"2087",-6.015751e-05
"2088",0.000614207
"2089",0.0001665874
"2090",0.0002117024
"2091",0.0002358363
"2092",0.0003988935
"2093",-0.0002388896
"2094",0.0001055318
"2095",0.0005606543
"2096",0.0002487646
"2097",0.0002771064
"2098",0.000293685
"2099",4.199672e-05
"2100",-7.392651e-05
"2101",0.0009472532
"2102",-5.535414e-05
"2103",3.834904e-05
"2104",0.0001863301
"2105",0.0003740523
"2106",0.000158575
"2107",0.0001877761
"2108",1.556219e-06
"2109",0.0003518133
"2110",0.0001423588
"2111",-9.316256e-05
"2112",0.0004567939
"2113",-1.926585e-05
"2114",0.0002829701
"2115",0.0003814534
"2116",2.58871e-05
"2117",0.0002266983
"2118",0.0003689183
"2119",6.155701e-05
"2120",0.0002764135
"2121",-0.0002206913
"2122",-0.0002637843
"2123",0.0002155263
"2124",0.0002251472
"2125",4.233673e-05
"2126",0.0003888852
"2127",0.0002769075
"2128",0.0001331297
"2129",0.0003349751
"2130",0.000534287
"2131",0.000325456
"2132",0.0003261786
"2133",0.0003188181
"2134",0.0006233879
"2135",0.0005833775
"2136",0.0003413168
"2137",0.0002920028
"2138",0.0002622587
"2139",0.0002464227
"2140",0.0005466079
"2141",-0.0002296276
"2142",-0.0001028756
"2143",0.0002049948
"2144",0.0001611554
"2145",0.0003404362
"2146",-4.703152e-05
"2147",-9.175246e-05
"2148",0.0002702686
"2149",0.0001487295
"2150",-0.000357045
"2151",0.0002976615
"2152",0.0001161399
"2153",7.644206e-05
"2154",0.0001045124
"2155",7.732541e-05
"2156",0.0002126897
"2157",0.0003273501
"2158",0.0002670923
"2159",5.519067e-05
"2160",-0.0001294133
"2161",0.0003439536
"2162",0.0002147913
"2163",-0.0003154453
"2164",0.0003004048
"2165",8.76594e-05
"2166",0.0008215122
"2167",0.0004208774
"2168",0.0002994716
"2169",8.864211e-05
"2170",0.0002672281
"2171",0.000346359
"2172",-0.0002597013
"2173",0.0002658455
"2174",0.000156801
"2175",-3.12677e-05
"2176",0.0003220886
"2177",-8.906488e-05
"2178",-0.000307897
"2179",0.0004332826
"2180",0.0001121789
"2181",0.0002520603
"2182",0.0003379421
"2183",0.0003325411
"2184",-1.229621e-06
"2185",0.0002268545
"2186",5.698564e-05
"2187",0.0001795794
"2188",0.000105171
"2189",0.0002360284
"2190",0.000321188
"2191",0.0002427845
"2192",0.0003364062
"2193",0.0001956261
"2194",-0.0001544162
"2195",0.0001887825
"2196",0.000160222
"2197",0.0002671351
"2198",0.0002122404
"2199",-3.629712e-05
"2200",0.0003036409
"2201",7.617282e-05
"2202",0.0002266968
"2203",0.0003982021
"2204",0.0001047892
"2205",0.0005627647
"2206",0.0004044371
"2207",0.0001991316
"2208",0.0002661473
"2209",0.001348278
"2210",0.001176957
"2211",0.0002360258
"2212",0.0003065285
"2213",0.0004426767
"2214",7.375765e-05
"2215",0.0004248981
"2216",0.0002465853
"2217",-0.0001285995
"2218",0.0006182553
"2219",0.0007923928
"2220",0.0002345171
"2221",-1.504995e-05
"2222",0.0008253897
"2223",0.0002562899
"2224",-0.0007344709
"2225",0.0002323348
"2226",-5.394645e-06
"2227",0.0002444376
"2228",-0.0005918934
"2229",-0.0003380358
"2230",0.0001713323
"2231",0.0004626108
"2232",0.0004202692
"2233",0.0001586419
"2234",0.0002356612
"2235",0.0003994084
"2236",0.0003882237
"2237",0.0005730489
"2238",0.0005383243
"2239",4.875893e-05
"2240",0.0001717763
"2241",0.0002184735
"2242",0.0002367843
"2243",0.0001317373
"2244",0.0001210419
"2245",0.0001603945
"2246",-7.878664e-05
"2247",-1.463883e-05
"2248",0.0003890325
"2249",-0.0005046772
"2250",0.000343375
"2251",0.0002626703
"2252",-8.716955e-07
"2253",0.0004104735
"2254",0.0002483079
"2255",0.0006145791
"2256",0.0001984647
"2257",0.000367564
"2258",0.0009710935
"2259",0.0009306818
"2260",0.0005214109
"2261",0.0001524897
"2262",4.932017e-05
"2263",0.000436241
"2264",0.0003392743
"2265",-0.0005078161
"2266",0.0006749329
"2267",-0.0004993491
"2268",3.862603e-05
"2269",0.0007693496
"2270",0.0004123456
"2271",-0.0003124558
"2272",0.0001510481
"2273",-0.0004620616
"2274",-6.991055e-06
"2275",0.0001564615
"2276",0.0002171032
"2277",-4.104257e-08
"2278",0.0002753832
"2279",8.57566e-05
"2280",8.165682e-05
"2281",0.0001230821
"2282",0.0003221715
"2283",0.0001468385
"2284",-0.0001151538
"2285",1.049215e-05
"2286",0.0003814386
"2287",0.0002955676
"2288",-0.0001419138
"2289",0.000127555
"2290",3.257166e-05
"2291",0.0001748923
"2292",0.0002713275
"2293",0.0002130196
"2294",0.0003635412
"2295",0.0003213436
"2296",-0.0002906155
"2297",-4.47319e-05
"2298",0.0003779468
"2299",0.0002933969
"2300",0.0002966228
"2301",0.0001814011
"2302",0.0001381175
"2303",0.0002656129
"2304",0.0003130891
"2305",0.0003360702
"2306",0.0004551002
"2307",0.0004791317
"2308",7.749941e-05
"2309",0.0004643685
"2310",0.000323634
"2311",0.000375728
"2312",0.0003115044
"2313",0.000360164
"2314",-0.0004366784
"2315",-0.000192044
"2316",0.0003326768
"2317",0.000214604
"2318",0.000438958
"2319",0.0001370453
"2320",0.000489809
"2321",0.0002766426
"2322",0.0001325518
"2323",0.0004758792
"2324",0.0007365362
"2325",-3.046267e-05
"2326",-0.0004083081
"2327",0.0009463678
"2328",0.0002890706
"2329",1.012515e-06
"2330",-0.0006237488
"2331",0.0002505922
"2332",0.0008925752
"2333",0.000324239
"2334",0.0001859815
"2335",0.0002540256
"2336",0.0002777845
"2337",0.0003152926
"2338",0.0001851847
"2339",7.897888e-05
"2340",-1.936283e-05
"2341",0.0002290096
"2342",0.0001929618
"2343",0.0006279269
"2344",0.0003073329
"2345",0.0003046121
"2346",0.0002806033
"2347",0.0001866221
"2348",0.0002481262
"2349",3.686572e-05
"2350",4.262185e-05
"2351",0.0009019718
"2352",0.0002675962
"2353",0.0004892269
"2354",0.0004361257
"2355",0.001560706
"2356",0.0002909507
"2357",-0.0003113419
"2358",-0.0001748449
"2359",0.0004814339
"2360",0.0006763455
"2361",0.0006002317
"2362",0.0003668024
"2363",0.0005159217
"2364",-0.0002195628
"2365",-0.0001075725
"2366",0.0005713958
"2367",0.0006751965
"2368",0.0004929127
"2369",0.0002952908
"2370",0.0001835635
"2371",-0.000220894
"2372",0.0003298455
"2373",0.0002629778
"2374",0.0001256553
"2375",0.0003178404
"2376",0.0002715081
"2377",6.965695e-05
"2378",0.0001151432
"2379",0.0002346727
"2380",2.755487e-05
"2381",0.0002430617
"2382",0.0001669108
"2383",4.302391e-05
"2384",8.824816e-05
"2385",0.0003936784
"2386",0.0002274269
"2387",0.0001745501
"2388",0.0001274409
"2389",0.0001495064
"2390",0.000143552
"2391",0.0002204564
"2392",7.321174e-05
"2393",0.0001822203
"2394",0.0001703814
"2395",0.000115504
"2396",0.0003188395
"2397",0.0001490443
"2398",-2.779439e-05
"2399",0.0005192984
"2400",0.0001657039
"2401",0.0006925734
"2402",0.0001311206
"2403",4.214517e-05
"2404",0.0004282718
"2405",0.0002044222
"2406",0.0002458857
"2407",9.746702e-05
"2408",-0.0003131573
"2409",0.001237125
"2410",0.00037035
"2411",0.000237126
"2412",0.0005219474
"2413",0.0006279216
"2414",0.0004738088
"2415",-0.0003776191
"2416",0.0004362563
"2417",0.0009535875
"2418",0.000430725
"2419",0.0002118938
"2420",0.0001888859
"2421",0.001192854
"2422",-0.0002468684
"2423",0.0002603253
"2424",0.0008252334
"2425",5.658083e-05
"2426",5.416005e-05
"2427",0.0005684883
"2428",0.0001069727
"2429",0.0002432851
"2430",0.0004597218
"2431",0.0002097197
"2432",0.0002303339
"2433",0.0008506249
"2434",-0.0002930097
"2435",-0.0001767716
"2436",0.0002302194
"2437",0.0003169683
"2438",0.0002214396
"2439",-7.705954e-05
"2440",4.522038e-05
"2441",0.0002248997
"2442",0.0001337841
"2443",0.000382348
"2444",0.0001432913
"2445",0.0003274417
"2446",0.0004943436
"2447",0.0002056531
"2448",0.0003784467
"2449",0.0003270899
"2450",6.670171e-05
"2451",0.0003758985
"2452",0.0001808566
"2453",0.0003733549
"2454",0.0008635964
"2455",0.0002076215
"2456",-0.0002564287
"2457",0.0004533827
"2458",0.0006827526
"2459",0.0001371882
"2460",0.0002203045
"2461",0.0004603837
"2462",-0.000995964
"2463",0.0002064057
"2464",0.0002784098
"2465",0.0003403503
"2466",0.0003590729
"2467",-0.0001492052
"2468",0.0002005088
"2469",0.0003191476
"2470",0.0003213263
"2471",0.0001796675
"2472",0.0001560011
"2473",0.0001962367
"2474",0.0002623055
"2475",0.0002414636
"2476",5.896438e-05
"2477",-0.0001441395
"2478",0.0003037766
"2479",0.0003286838
"2480",-0.0001404725
"2481",0.0002228101
"2482",0.000328125
"2483",0.0001744835
"2484",0.000139728
"2485",0.0002624442
"2486",0.000236932
"2487",0.0002119882
"2488",0.0003127059
"2489",0.000296992
"2490",0.0003325241
"2491",0.0003454556
"2492",0.0002557344
"2493",0.0001989439
"2494",1.052255e-05
"2495",6.251661e-05
